simplified	traditional_in_level_2	traditional_in_level_1	level_1_order	first_level_2_mapping
报纸	報紙	報紙	1133	3523_1
不断	不斷	不斷	901	3523_1
记录	記錄	記錄	2280	3523_1
死亡	死亡	死亡	897	3523_1
会议	會議	會議	389	3537_1
推荐	推薦	推薦	1545	3537_1
中华	中華	中華	1278	3537_1
民国	民國	民國	345	3537_1
宪法	憲法	憲法	1820	3537_1
一种	一種	一種	184	3550_1
动物	動物	動物	172	3550_1
一个	一個	一個	5	3551_1
无论	無論	無論	472	3554_1
出于	出於	出於	2573	3554_1
心理	心理	心理	2314	3554_1
明星	明星	明星	2640	3554_1
不可	不可	不可	2666	3554_1
他们	他們	他們	144	3555_1
开始	開始	開始	83	3555_1
没有	沒有	沒有	425	3556_1
出现	出現	出現	1410	3557_1
崇拜	崇拜	崇拜	2277	3557_1
训练	訓練	訓練	385	3562_1
力量	力量	力量	693	3562_1
反应	反應	反應	1212	3562_1
速度	速度	速度	1248	3562_1
无法	無法	無法	86	3562_1
时候	時候	時候	290	3575_1
城区	城區	城區	2665	3584_1
还有	還有	還有	417	3584_1
材料	材料	材料	1560	3597_1
化学	化學	化學	1584	3597_1
物质	物質	物質	1320	3597_1
描写	描寫	描寫	371	3608_1
状态	狀態	狀態	1010	3608_1
真正	真正	真正	431	3618_1
表示	表示	表示	2135	3620_1
才能	才能	才能	2402	3630_1
烦恼	煩惱	煩惱	1812	3630_1
爱情	愛情	愛情	1357	3631_1
说法	說法	說法	1128	3632_1
镇压	鎮壓	鎮壓	2730	3634_1
然而	然而	然而	433	3645_1
情况	情況	情況	965	3645_1
网络	網路	網絡	570	3645_1
这个	這個	這個	95	3646_1
问题	問題	問題	369	3646_1
首先	首先	首先	221	3646_1
我们	我們	我們	45	3646_1
就要	就要	就要	2176	3646_1
古代	古代	古代	378	3649_1
记载	記載	記載	1892	3649_1
不是	不是	不是	397	3655_1
以前	以前	以前	133	3655_1
样子	樣子	樣子	996	3655_1
经济	經濟	經濟	829	3661_0
向日葵	向日葵	向日葵	604	3661_0
植物	植物	植物	1198	3661_1
面积	面積	面積	2014	3676_1
全国	全國	全國	294	3676_1
应该	應該	應該	138	3686_1
取消	取消	取消	2699	3686_1
旅行	旅行	旅行	94	3686_1
赠送	贈送	贈送	2761	3687_1
城市	城市	城市	113	3691_1
夺取	奪取	奪取	489	3691_1
政权	政權	政權	1761	3691_1
伟大	偉大	偉大	101	3691_1
称为	稱為	稱為	679	3696_1
文字	文字	文字	1589	3700_1
传来	傳來	傳來	522	3702_1
黄莺	黃鶯	黃鶯	1928	3702_1
影响	影響	影響	581	3708_1
随着	隨著	隨著	1284	3708_1
中国	中國	中國	288	3708_1
可能	可能	可能	773	3715_1
多个	多個	多個	189	3717_1
不同	不同	不同	690	3719_1
进食	進食	進食	2559	3719_1
并不	並不	並不	37	3719_1
猎物	獵物	獵物	2794	3719_1
当时	當時	當時	518	3721_1
每月	每月	每月	1648	3721_1
完全	完全	完全	1205	3721_1
可以	可以	可以	788	3721_1
生活	生活	生活	455	3721_1
实验	實驗	實驗	2469	3722_1
严格	嚴格	嚴格	1998	3722_1
管理	管理	管理	1166	3722_1
通常	通常	通常	1028	3748_1
不够	不夠	不夠	511	3748_1
印度	印度	印度	77	3752_1
烹饪	烹飪	烹飪	78	3752_1
文化	文化	文化	79	3752_1
丰富	豐富	豐富	80	3752_1
地区	地區	地區	81	3752_1
建筑	建築	建築	1008	3756_1
中央	中央	中央	2109	3756_1
四周	四周	四周	494	3756_1
不少	不少	不少	998	3759_1
二十	二十	二十	1111	3761_1
人尽皆知	人盡皆知	人盡皆知	109	3765_1
地方	地方	地方	627	3777_1
经常	經常	經常	649	3781_1
思考	思考	思考	2677	3781_1
为什么	為什麼	為什麼	1245	3781_1
茶叶	茶葉	茶葉	287	3781_1
不能	不能	不能	1045	3781_1
这种	這種	這種	230	3791_1
具有	具有	具有	110	3791_1
尽管	儘管	儘管	734	3795_1
父母	父母	父母	639	3795_1
始终	始終	始終	1706	3795_1
非常	非常	非常	1098	3795_1
通过	透過	通過	463	3797_1
诋毁	詆毀	詆譭	464	3797_1
别人	別人	別人	465	3797_1
得不到	得不到	得不到	466	3797_1
什么	什麼	什麼	44	3797_1
皇帝	皇帝	皇帝	645	3802_1
消息	訊息	訊息	598	3802_1
这些	這些	這些	817	3805_1
继续	繼續	繼續	87	3805_1
到达	到達	到達	1899	3805_1
喜欢	喜歡	喜歡	240	3807_1
因为	因為	因為	84	3807_1
而是	而是	而是	2591	3807_1
为人	為人	為人	969	3808_1
喜爱	喜愛	喜愛	327	3808_1
古老	古老	古老	1386	3812_1
书记	書記	書記	225	3818_1
带来	帶來	帶來	761	3822_1
纤维	纖維	纖維	766	3824_1
产生	產生	產生	2315	3824_1
布料	布料	布料	1119	3824_1
最后	最後	最後	706	3824_1
加工	加工	加工	2244	3824_1
大学	大學	大學	1469	3825_1
演绎	演繹	演繹	1514	3841_1
重庆	重慶	重慶	658	3857_1
北方	北方	北方	2704	3870_1
到了	到了	到了	922	3870_1
三十	三十	三十	2322	3870_1
还是	還是	還是	90	3870_1
不已	不已	不已	2680	3874_1
出来	出來	出來	396	3878_1
已经	已經	已經	15	3881_1
长满	長滿	長滿	857	3881_1
石头	石頭	石頭	236	3881_1
成为	成為	成為	411	3890_1
政治	政治	政治	2370	3890_1
中心	中心	中心	2815	3890_1
中的	中的	中的	166	3893_1
德国	德國	德國	1115	3895_1
常见	常見	常見	243	3895_1
犹如	猶如	猶如	993	3898_1
那么	那麼	那麼	642	3898_1
老师	老師	老師	145	3918_1
学生	學生	學生	888	3918_1
不要	不要	不要	19	3918_1
紧张	緊張	緊張	1972	3918_1
敌军	敵軍	敵軍	894	3924_1
不动	不動	不動	733	3924_1
公园	公園	公園	372	3935_1
广场	廣場	廣場	46	3935_1
含有	含有	含有	1655	3939_1
氧化	氧化	氧化	1211	3942_1
重要	重要	重要	326	3960_1
自己	自己	自己	440	3963_1
好好	好好	好好	2225	3963_1
实践	實踐	實踐	2404	3963_1
一声	一聲	一聲	238	3971_1
清洗	清洗	清洗	2330	3978_1
去年	去年	去年	2197	3983_1
哈尔滨	哈爾濱	哈爾濱	2633	3983_1
闻名	聞名	聞名	368	3983_1
如何	如何	如何	675	3991_1
能够	能夠	能夠	620	3991_1
免费	免費	免費	2760	3991_1
一些	一些	一些	1151	3992_1
牙齿	牙齒	牙齒	1249	3993_1
之中	之中	之中	239	3997_1
食物	食物	食物	767	3999_1
否则	否則	否則	1894	3999_1
今年	今年	今年	2194	4004_1
天气	天氣	天氣	22	4004_1
十分	十分	十分	656	4004_1
一下	一下	一下	357	4007_1
形成	形成	形成	2332	4011_1
遭受	遭受	遭受	2037	4012_1
废墟	廢墟	廢墟	1046	4012_1
不忍	不忍	不忍	1597	4012_1
现在	現在	現在	250	4024_1
部队	部隊	部隊	208	4024_1
众人	眾人	眾人	1431	4034_1
汤姆	湯姆	湯姆	104	4043_1
古人	古人	古人	2	4048_1
之后	之後	之後	1458	4051_1
毕竟	畢竟	畢竟	2112	4053_1
的话	的話	的話	178	4053_1
试图	試圖	試圖	438	4054_1
印象	印象	印象	392	4054_1
重新	重新	重新	2374	4054_1
虽然	雖然	雖然	1628	4055_1
但是	但是	但是	249	4055_1
怎么	怎麼	怎麼	62	4057_1
变得	變得	變得	132	4057_1
这么	這麼	這麼	251	4057_1
厉害	厲害	厲害	252	4057_1
比较	比較	比較	1954	4058_1
角色	角色	角色	2702	4058_1
看来	看來	看來	484	4059_1
足够	足夠	足夠	299	4059_1
人生	人生	人生	2410	4059_1
人才	人才	人才	31	4070_1
手臂	手臂	手臂	179	4074_1
逐渐	逐漸	逐漸	2259	4074_1
增加	增加	增加	1743	4074_1
压力	壓力	壓力	470	4074_1
直到	直到	直到	223	4074_1
消失	消失	消失	1477	4074_1
机场	機場	機場	1049	4080_1
其他	其他	其他	951	4080_1
飞机	飛機	飛機	59	4080_1
顿时	頓時	頓時	1957	4080_1
晶莹	晶瑩	晶瑩	1924	4087_1
剔透	剔透	剔透	1925	4087_1
参加	參加	參加	498	4094_1
战役	戰役	戰役	153	4094_1
泰国	泰國	泰國	2504	4095_1
北边	北邊	北邊	2505	4095_1
接壤	接壤	接壤	2506	4095_1
缅甸	緬甸	緬甸	2507	4095_1
老挝	老撾	寮國	2508	4095_1
优秀	優秀	優秀	1769	4097_1
人民	人民	人民	1608	4097_1
农民	農民	農民	1837	4101_1
变化	變化	變化	1382	4109_1
政策	政策	政策	1517	4130_1
发现	發現	發現	269	4132_1
人口	人口	人口	2258	4140_1
博物	博物	博物	2238	4163_1
马上	馬上	馬上	2732	4163_1
狮子	獅子	獅子	1542	4163_1
如果	如果	如果	174	4165_1
大陆	大陸	大陸	1099	4175_1
进行	進行	進行	704	4175_1
细致	細緻	細緻	1964	4179_1
故事	故事	故事	1755	4179_1
鲤鱼	鯉魚	鯉魚	2735	4233_1
觉得	覺得	覺得	716	4233_1
礼物	禮物	禮物	727	4238_1
作为	作為	作為	2032	4241_1
处理	處理	處理	325	4242_1
十足	十足	十足	1500	4242_1
总理	總理	總理	1777	4243_1
贮藏	貯藏	貯藏	1290	4244_1
估计	估計	估計	1778	4244_1
存在	存在	存在	588	4257_1
许多	許多	許多	340	4257_1
革命	革命	革命	1546	4259_1
这里	這裡	這裡	12	4259_1
政府	政府	政府	712	4280_1
掌管	掌管	掌管	815	4280_1
机构	機構	機構	1204	4280_1
以后	以後	以後	614	4280_1
得到	得到	得到	1201	4288_1
绰号	綽號	綽號	2321	4288_1
老板	老闆	老闆	1070	4289_1
接近	接近	接近	1377	4292_1
正在	正在	正在	24	4293_1
国民	國民	國民	1975	4299_1
幸福	幸福	幸福	1066	4303_1
总是	總是	總是	589	4303_1
必要	必要	必要	2610	4303_1
提供	提供	提供	1614	4304_1
就是	就是	就是	882	4315_1
第一	第一	第一	747	4315_1
六十	六十	六十	1029	4317_1
有了	有了	有了	1620	4319_1
炽热	熾熱	熾熱	2059	4326_1
岩浆	岩漿	岩漿	2060	4326_1
敌人	敵人	敵人	1273	4326_1
即使	即使	即使	317	4335_1
工作	工作	工作	942	4335_1
后来	後來	後來	532	4345_1
提起	提起	提起	709	4345_1
名字	名字	名字	108	4345_1
武汉	武漢	武漢	362	4346_1
铁路	鐵路	鐵路	1052	4346_1
不好	不好	不好	744	4346_1
狼狈	狼狽	狼狽	997	4353_1
描绘	描繪	描繪	2050	4353_1
那样	那樣	那樣	1251	4354_1
除了	除了	除了	245	4357_1
负责	負責	負責	377	4357_1
报告	報告	報告	853	4357_1
结局	結局	結局	1538	4370_1
失败	失敗	失敗	696	4370_1
那是	那是	那是	421	4373_1
肯定	肯定	肯定	602	4382_1
玛丽	瑪麗	瑪麗	443	4382_1
不会	不會	不會	28	4382_1
开车	開車	開車	756	4382_1
红色	紅色	紅色	575	4384_1
给予	給予	給予	1864	4389_1
只是	只是	只是	1192	4397_1
东部	東部	東部	123	4397_1
位于	位於	位於	121	4410_1
回到	回到	回到	1254	4415_1
技术	技術	技術	247	4417_1
方法	方法	方法	187	4417_1
欧洲	歐洲	歐洲	156	4417_1
历史	歷史	歷史	111	4417_1
蜗牛	蝸牛	蝸牛	2574	4430_1
一直	一直	一直	782	4430_1
莴苣	萵苣	萵苣	2575	4430_1
一块	一塊	一塊	847	4451_1
事情	事情	事情	17	4459_1
之一	之一	之一	103	4483_1
所以	所以	所以	300	4484_1
孩子	孩子	孩子	38	4489_1
眼睛	眼睛	眼睛	1685	4493_1
区别	區別	區別	1826	4503_1
周围	周圍	周圍	2011	4521_1
丘陵	丘陵	丘陵	659	4521_1
职位	職位	職位	276	4525_1
队伍	隊伍	隊伍	501	4528_1
停止	停止	停止	2769	4528_1
前进	前進	前進	88	4528_1
与此同时	與此同時	與此同時	1305	4536_1
朝鲜	朝鮮	朝鮮	2700	4536_1
导弹	導彈	導彈	2301	4536_1
精神	精神	精神	2481	4538_1
老人	老人	老人	1567	4538_1
需要	需要	需要	8	4539_1
分析	分析	分析	1464	4540_1
正是	正是	正是	1548	4541_1
民主	民主	民主	1681	4541_1
主要	主要	主要	1570	4541_1
直接	直接	直接	1321	4543_1
合金	合金	合金	2213	4544_1
气体	氣體	氣體	1680	4548_1
不仅	不僅	不僅	143	4583_1
生意	生意	生意	1148	4584_1
公司	公司	公司	30	4593_1
作品	作品	作品	600	4593_1
将军	將軍	將軍	65	4598_1
举行	舉行	舉行	1815	4604_1
取得	取得	取得	1714	4604_1
胜利	勝利	勝利	994	4604_1
产品	產品	產品	2461	4609_1
成了	成了	成了	2174	4609_1
奋斗	奮鬥	奮鬥	255	4624_1
新闻	新聞	新聞	1754	4624_1
广东	廣東	廣東	740	4630_1
一带	一帶	一帶	1123	4630_1
残疾	殘疾	殘疾	812	4632_1
瘫痪	癱瘓	癱瘓	2741	4632_1
业务	業務	業務	2026	4632_1
羊肉	羊肉	羊肉	2615	4639_1
多种	多種	多種	1363	4639_1
整个	整個	整個	155	4643_1
北京	北京	北京	446	4646_1
生气	生氣	生氣	2120	4673_1
国王	國王	國王	2416	4675_1
大臣	大臣	大臣	647	4675_1
起来	起來	起來	899	4702_1
供给	供給	供給	903	4702_1
共和国	共和國	共和國	2605	4703_1
骏马	駿馬	駿馬	784	4706_1
向前	向前	向前	181	4706_1
鸟类	鳥類	鳥類	332	4708_1
共产	共產	共產	2789	4711_1
委员	委員	委員	937	4711_1
东南	東南	東南	2749	4720_1
交易	交易	交易	2750	4720_1
获得	獲得	獲得	293	4720_1
之前	之前	之前	354	4721_1
造成	造成	造成	579	4721_1
云南	雲南	雲南	93	4737_1
南部	南部	南部	2581	4737_1
预言	預言	預言	621	4740_1
昨晚	昨晚	昨晚	400	4767_1
心头	心頭	心頭	1090	4767_1
物种	物種	物種	2773	4771_1
市场	市場	市場	361	4771_1
两侧	兩側	兩側	1313	4779_1
构成	構成	構成	845	4779_1
一样	一樣	一樣	323	4780_1
男人	男人	男人	1134	4780_1
主义	主義	主義	52	4782_1
鸵鸟	鴕鳥	鴕鳥	2049	4797_1
无情	無情	無情	2810	4801_1
实行	實行	實行	1020	4803_1
妇女	婦女	婦女	754	4803_1
真的	真的	真的	2499	4811_1
晓得	曉得	曉得	1977	4811_1
宿舍	宿舍	宿舍	1336	4830_1
地上	地上	地上	330	4830_1
后悔	後悔	後悔	2679	4833_1
那些	那些	那些	1876	4833_1
游行	遊行	遊行	1488	4836_1
活动	活動	活動	429	4836_1
村民	村民	村民	2384	4858_1
超市	超市	超市	987	4858_1
表面	表面	表面	1136	4865_1
一层	一層	一層	1091	4865_1
多久	多久	多久	54	4870_1
知道	知道	知道	803	4871_1
英雄	英雄	英雄	1886	4871_1
面对	面對	面對	507	4871_1
投资	投資	投資	715	4872_1
一次	一次	一次	1816	4873_1
父亲	父親	父親	504	4873_1
主力	主力	主力	895	4873_1
几个	幾個	幾個	13	4873_1
在一起	在一起	在一起	2364	4875_1
气候	氣候	氣候	127	4877_1
蒙古	蒙古	蒙古	2544	4877_1
这样	這樣	這樣	559	4877_1
最终	最終	最終	1959	4877_1
金属	金屬	金屬	1422	4879_1
使用	使用	使用	542	4883_1
旋转	旋轉	旋轉	2242	4883_1
食盐	食鹽	食鹽	1897	4886_1
突然	突然	突然	2284	4890_1
袭击	襲擊	襲擊	2183	4890_1
不在	不在	不在	2590	4891_1
一句	一句	一句	1619	4893_1
见到	見到	見到	1751	4893_1
人们	人們	人們	749	4910_1
覆盖	覆蓋	覆蓋	2252	4911_1
广阔	廣闊	廣闊	2467	4911_1
上天	上天	上天	1528	4919_1
祈祷	祈禱	祈禱	2290	4919_1
村里	村裡	村裡	1011	4926_1
从来没	從來沒	從來沒	324	4930_1
新娘	新娘	新娘	2153	4934_1
抓紧	抓緊	抓緊	1266	4934_1
时间	時間	時間	147	4934_1
化妆	化妝	化妝	653	4934_1
专家	專家	專家	1462	4946_1
达到	達到	達到	490	4946_1
上面	上面	上面	2601	4963_1
主人	主人	主人	140	4963_1
受害者	受害者	受害者	703	4968_1
犯罪	犯罪	犯罪	680	4968_1
明代	明代	明代	1261	4974_1
著名	著名	著名	1141	4974_1
自由	自由	自由	192	4992_1
那边	那邊	那邊	418	4994_1
杀死	殺死	殺死	1740	4995_1
皮肤	皮膚	皮膚	1323	4997_1
每年	每年	每年	2631	5002_1
纪念	紀念	紀念	2279	5002_1
病毒	病毒	病毒	2740	5003_1
政体	政體	政體	968	5004_1
高等	高等	高等	2267	5007_1
学校	學校	學校	96	5007_1
担任	擔任	擔任	1054	5007_1
领导	領導	領導	738	5007_1
勤奋	勤奮	勤奮	943	5007_1
学习	學習	學習	64	5007_1
精通	精通	精通	75	5007_1
赏赐	賞賜	賞賜	2417	5027_1
绸缎	綢緞	綢緞	2516	5027_1
不知	不知	不知	865	5029_1
多少	多少	多少	454	5029_1
风光	風光	風光	2630	5029_1
优美	優美	優美	2343	5029_1
听到	聽到	聽到	685	5030_1
那个	那個	那個	118	5030_1
师傅	師傅	師傅	2115	5031_1
田野	田野	田野	2222	5050_1
不再	不再	不再	587	5073_1
密切	密切	密切	612	5073_1
自然	自然	自然	2051	5098_1
保护	保護	保護	9	5098_1
森林	森林	森林	913	5098_1
从不	從不	從不	2474	5113_1
损失	損失	損失	1898	5121_1
依然	依然	依然	617	5124_1
前面	前面	前面	1536	5124_1
仪式	儀式	儀式	314	5177_1
玩具	玩具	玩具	1853	5180_1
长得	長得	長得	1587	5181_1
头发	頭髮	頭髮	406	5181_1
能源	能源	能源	2558	5182_1
一家	一家	一家	274	5182_1
企业	企業	企業	275	5182_1
工人	工人	工人	1156	5185_1
就算	就算	就算	798	5185_1
如今	如今	如今	57	5188_1
恶有恶报	惡有惡報	惡有惡報	1349	5188_1
认识	認識	認識	311	5190_1
青年	青年	青年	1573	5196_1
优势	優勢	優勢	591	5196_1
意思	意思	意思	426	5199_1
是否	是否	是否	918	5212_1
潇洒	瀟灑	瀟灑	1794	5212_1
治疗	治療	治療	1018	5221_1
美国	美國	美國	1337	5237_1
左右	左右	左右	2538	5237_1
飓风	颶風	颶風	2567	5242_1
低洼	低窪	低窪	1787	5242_1
社会	社會	社會	51	5243_1
传统	傳統	傳統	585	5243_1
它们	它們	它們	1493	5243_1
意义	意義	意義	2411	5243_1
想到	想到	想到	2285	5249_1
过去	過去	過去	1218	5258_1
手术	手術	手術	1354	5258_1
栖息	棲息	棲息	1595	5265_1
得了	得了	得了	1352	5266_1
要是	要是	要是	2215	5266_1
必须	必須	必須	852	5266_1
朝廷	朝廷	朝廷	1667	5313_1
下午	下午	下午	2765	5314_1
形式	形式	形式	2380	5323_1
城墙	城牆	城墻	2663	5336_1
一点	一點	一點	566	5364_1
由于	由於	由於	1920	5373_1
行动	行動	行動	525	5373_1
根据	根據	根據	2133	5380_1
图片	圖片	圖片	1291	5391_1
来自	來自	來自	480	5391_1
饲养	飼養	飼養	1380	5424_1
真是	真是	真是	1348	5427_1
优质	優質	優質	2025	5458_1
常常	常常	常常	1030	5470_1
资源	資源	資源	914	5492_1
为了	為了	爲了	170	5492_1
争夺	爭奪	爭奪	461	5492_1
生存	生存	生存	399	5492_1
露出	露出	露出	1408	5516_1
微笑	微笑	微笑	883	5516_1
青岛	青島	青島	1001	5525_1
必不可少	必不可少	必不可少	1007	5525_1
认为	認為	認為	195	5529_1
上帝	上帝	上帝	1862	5529_1
儿子	兒子	兒子	2528	5529_1
感到	感到	感到	271	5534_1
夹克	夾克	夾克	105	5534_1
湖南	湖南	湖南	1426	5537_1
热闹	熱鬧	熱鬧	1402	5546_1
下来	下來	下來	774	5546_1
地步	地步	地步	2304	5546_1
克制	剋制	剋制	870	5552_1
慢慢	慢慢	慢慢	1699	5577_1
沟通	溝通	溝通	1050	5582_1
交通	交通	交通	70	5582_1
军事	軍事	軍事	347	5589_1
打击	打擊	打擊	1804	5589_1
明白	明白	明白	707	5589_1
下令	下令	下令	281	5589_1
终于	終於	終於	218	5602_1
母亲	母親	母親	729	5608_1
称号	稱號	稱號	296	5608_1
别具一格	別具一格	別具一格	949	5610_1
方面	方面	方面	1585	5611_1
客户	客戶	客戶	1700	5611_1
检查	檢查	檢查	886	5612_1
方式	方式	方式	586	5612_1
减少	減少	減少	2260	5612_1
岛屿	島嶼	島嶼	552	5614_1
附近	附近	附近	1113	5614_1
辗转	輾轉	輾轉	2675	5616_1
好朋友	好朋友	好朋友	412	5617_1
疾病	疾病	疾病	1390	5617_1
昨天	昨天	昨天	267	5617_1
邓小平	鄧小平	鄧小平	216	5628_1
相互	相互	相互	1716	5652_1
单位	單位	單位	1411	5683_1
最近	最近	最近	957	5686_1
电视	電視	電視	61	5686_1
直播	直播	直播	568	5690_1
简单	簡單	簡單	881	5691_1
关系	關係	關係	613	5700_1
每天	每天	每天	1780	5702_1
艺术	藝術	藝術	102	5707_1
时期	時期	時期	346	5717_1
不愿	不願	不願	2493	5717_1
科举	科舉	科舉	835	5717_1
道路	道路	道路	660	5717_1
上海	上海	上海	448	5734_1
有时	有時	有時	3	5735_1
用于	用於	用於	1219	5735_1
谭嗣同	譚嗣同	譚嗣同	2706	5736_1
孙中山	孫中山	孫中山	739	5736_1
储量	儲量	儲量	2449	5739_1
衣服	衣服	衣服	833	5740_1
最好	最好	最好	1401	5768_1
鲨鱼	鯊魚	鯊魚	2743	5769_1
百万	百萬	百萬	1900	5772_1
超过	超過	超過	476	5772_1
冬天	冬天	冬天	2491	5777_1
晚上	晚上	晚上	1222	5812_1
分钟	分鍾	分鐘	921	5812_1
大约	大約	大約	2241	5812_1
国家	國家	國家	648	5824_1
赋予	賦予	賦予	1213	5826_1
高兴	高興	高興	687	5841_1
加以	加以	加以	227	5841_1
记者	記者	記者	394	5861_1
观点	觀點	觀點	760	5861_1
有人	有人	有人	291	5867_1
无知	無知	無知	2275	5869_1
糊涂	糊塗	糊塗	2093	5869_1
俄罗斯	俄羅斯	俄羅斯	165	5871_1
因素	因素	因素	2105	5871_1
位置	位置	位置	1523	5884_1
春天	春天	春天	2407	5893_1
恶劣	惡劣	惡劣	1921	5900_1
表现	表現	表現	2603	5900_1
系统	系統	系統	1873	5901_1
比赛	比賽	比賽	500	5901_1
全面	全面	全面	885	5901_1
崩溃	崩潰	崩潰	2482	5901_1
我国	我國	我國	188	5917_1
广泛	廣泛	廣泛	783	5917_1
保持	保持	保持	732	5931_1
咕噜	咕嚕	咕嚕	305	5935_1
世纪	世紀	世紀	781	5948_1
永恒	永恆	永恆	2383	5948_1
一对	一對	一對	1983	5950_1
柔软	柔軟	柔軟	1855	5970_1
长江	長江	長江	364	5972_1
灭绝	滅絕	滅絕	2772	5972_1
人类	人類	人類	395	5986_1
项目	專案	項目	1524	6022_1
五彩	五綵	五彩	2659	6023_1
扬州	揚州	揚州	449	6053_1
出门	出門	出門	1372	6061_1
世界	世界	世界	1022	6074_1
进入	進入	進入	981	6097_1
不停	不停	不停	306	6097_1
耳朵	耳朵	耳朵	1616	6097_1
辅助	輔助	輔助	2187	6118_1
工匠	工匠	工匠	1677	6119_1
艰难	艱難	艱難	1489	6123_1
饺子	餃子	餃子	1729	6123_1
今天	今天	今天	21	6140_1
体系	體系	體系	2444	6141_1
家人	家人	家人	1292	6148_1
出售	出售	出售	1623	6148_1
受到	受到	受到	1883	6156_1
组织	組織	組織	262	6156_1
景色	景色	景色	644	6161_1
坟墓	墳墓	墳墓	841	6210_1
领袖	領袖	領袖	878	6247_1
辩论	辯論	辯論	2771	6247_1
特征	特徵	特徵	1331	6249_1
有关	有關	有關	1565	6252_1
啄木鸟	啄木鳥	啄木鳥	1103	6263_1
经验	經驗	經驗	2140	6280_1
喜鹊	喜鵲	喜鵲	2541	6285_1
妻子	妻子	妻子	1827	6308_1
看到	看到	看到	1955	6308_1
从而	從而	從而	150	6308_1
国际	國際	國際	543	6311_1
亚洲	亞洲	亞洲	452	6311_1
飞过	飛過	飛過	1165	6334_1
摆脱	擺脫	擺脫	2539	6339_1
危险	危險	危險	2572	6339_1
手表	手錶	手錶	849	6342_1
组成	組成	組成	502	6345_1
剩下	剩下	剩下	2428	6346_1
天鹅	天鵝	天鵝	2436	6356_1
想象	想象	想象	1042	6368_1
众多	眾多	眾多	2340	6389_1
出生	出生	出生	608	6395_1
恢复	恢復	恢復	1696	6395_1
正常	正常	正常	1973	6395_1
内容	內容	內容	1072	6416_1
一起	一起	一起	33	6418_1
发动	發動	發動	2086	6432_1
战争	戰爭	戰爭	718	6432_1
双方	雙方	雙方	222	6435_1
鲫鱼	鯽魚	鯽魚	2738	6442_1
鳟鱼	鱒魚	鱒魚	2736	6444_1
淡水	淡水	淡水	2737	6444_1
深刻	深刻	深刻	2348	6452_1
显得	顯得	顯得	301	6481_1
黑色	黑色	黑色	896	6481_1
