mapping_code	source_type	source_id	simplified_word	traditional_word	simplified_sentence	traditional_sentence	source_sentence
25_1	tatoeba	420746	吃亏	吃虧	我天天在这里做买卖，不会让你吃亏的！	我天天在這裡做買賣，不會讓你吃虧的！	我天天在这里做买卖，不会让你吃亏的！
34_1	authored		与你一起	與你一起	我想与你一起去看海。	我想與你一起去看海。	
44_1	authored		一亿元	一億元	这项工程耗资一亿元。	這項工程耗資一億元。	
45_1	authored		一个人	一個人	她一个人完成了任务。	她一個人完成了任務。	
55_1	tatoeba	1216101	天安门	天安門	前边儿是天安门。	前邊兒是天安門。	前边儿是天安门。
57_1	authored		社会主义	社會主義	这本书讨论社会主义的发展。	這本書討論社會主義的發展。	
65_1	tatoeba	3479866	卫生	衛生	你家好脏啊！你多久没打扫卫生？	你家好髒啊！你多久沒打掃衛生？	你家好脏啊！你多久没打扫卫生？
69_1	tatoeba	408272	飞机	飛機	如今很多的货物都由飞机运送。	如今很多的貨物都由飛機運送。	如今很多的货物都由飞机运送。
70_1	tatoeba	717323	学习	學習	你开着电视怎么能安心学习呢？	你開著電視怎麼能安心學習呢？	你开着电视怎么能安心学习呢？
72_1	authored		人马	人馬	将军清点了所有人马。	將軍清點了所有人馬。	
73_1	authored		城乡	城鄉	城乡之间的交通越来越便利。	城鄉之間的交通越來越便利。	
74_0	authored		张三丰	張三丰	传说张三丰精通武术。	傳說張三丰精通武術。	
74_1	tatoeba	487621	丰富	豐富	印度是一个烹饪文化丰富的地区。	印度是一個烹飪文化豐富的地區。	印度是一个烹饪文化丰富的地区。
76_1	tatoeba	332616	开始	開始	我们的计划从一开始就出错了。	我們的計劃從一開始就出錯了。	我们的计划从一开始就出错了。
81_1	tatoeba	432907	无法	無法	他因为太疲劳而无法继续前进。	他因為太疲勞而無法繼續前進。	他因为太疲劳而无法继续前进。
82_0	authored		不知所云	不知所云	他讲了半天，我还是不知所云。	他講了半天，我還是不知所云。	
82_1	authored		云南	雲南	我们明年想去云南旅行。	我們明年想去雲南旅行。	
83_1	tatoeba	9989907	专业	專業	这个学校开设了亚非文学专业。	這個學校開設了亞非文學專業。	这个学校开设了亚非文学专业。
86_1	tatoeba	332835	艺术	藝術	他是日本最伟大的艺术家之一。	他是日本最偉大的藝術家之一。	他是日本最伟大的艺术家之一。
90_1	tatoeba	5624956	大厅	大廳	汤姆把夹克挂在大厅衣柜里。	湯姆把夾克掛在大廳衣櫃裡。	湯姆把夾克掛在大廳衣櫃裡。
94_1	tatoeba	1325276	地区	地區	他的名字在这个地区人尽皆知。	他的名字在這個地區人盡皆知。	他的名字在这个地区人尽皆知。
95_1	tatoeba	606893	历史	歷史	这是一个具有历史价值的城市。	這是一個具有歷史價值的城市。	这是一个具有历史价值的城市。
95_2	authored		万历	萬曆	这件瓷器制于万历年间。	這件瓷器制於萬曆年間。	
100_1	tatoeba	420478	汽车	汽車	别等啦，我来招一辆出租汽车。	別等啦，我來招一輛出租汽車。	别等啦，我来招一辆出租汽车。
114_1	tatoeba	392260	宝贝	寶貝	这个球是那个男孩的宝贝。	這個球是那個男孩的寶貝。	这个球是那个男孩的宝贝。
115_1	authored		黄冈	黃岡	黄冈位于湖北省东部。	黃岡位於湖北省東部。	
118_1	tatoeba	333944	意见	意見	是在这点上我们的意见有分歧。	是在這點上我們的意見有分歧。	是在这点上我们的意见有分歧。
122_1	tatoeba	426884	气候	氣候	总体上说，日本的气候温和。	總體上說，日本的氣候溫和。	总体上说，日本的气候温和。
127_1	tatoeba	4440148	增长	增長	跟着岁数增长他变得比以前倔。	跟著歲數增長他變得比以前倔。	跟着岁数增长他变得比以前倔。
131_0	authored		前仆后继	前仆後繼	救援人员前仆后继地冲进火场。	救援人員前仆後繼地衝進火場。	
131_1	tatoeba	828800	仆人	僕人	心灵应该当一个好仆人，但心应该是主人。	心靈應該當一個好僕人，但心應該是主人。	心靈應該當一個好僕人，但心應該是主人。
134_1	tatoeba	6039669	货币	貨幣	在商朝，贝朋为通用货币。	在商朝，貝朋為通用貨幣。	在商朝，貝朋為通用貨幣。
136_1	tatoeba	334733	不仅	不僅	不仅他们，连我也被老师罚了。	不僅他們，連我也被老師罰了。	不仅他们，连我也被老师罚了。
142_1	tatoeba	13958137	从而	從而	丹尼尔开始花更多时间陪伴阿曼达，从而帮助她康复。	丹尼爾開始花更多時間陪伴阿曼達，從而幫助她康復。	丹尼爾開始花更多時間陪伴阿曼達，從而幫助她康復。
143_1	tatoeba	425949	拿破仑	拿破侖	这场战役让拿破仑称霸了整个欧洲。	這場戰役讓拿破侖稱霸了整個歐洲。	這場戰役讓拿破崙稱霸了整個歐洲。
149_1	tatoeba	9810323	仓库	倉庫	仓库物料搬运设备有哪些？	倉庫物料搬運裝置有哪些？	仓库物料搬运设备有哪些？
154_1	tatoeba	375373	风险	風險	信用卡很有用，但也有风险。	信用卡很有用，但也有風險。	信用卡很有用，但也有风险。
157_1	tatoeba	10767106	乌克兰	烏克蘭	你会说乌克兰语还是俄罗斯语？	你會說烏克蘭語還是俄羅斯語？	你會說烏克蘭語還是俄羅斯語？
165_1	tatoeba	437940	为了	爲了	为了看野生动物，他去了非洲。	爲了看野生動物，他去了非洲。	为了看野生动物，他去了非洲。
166_0	tatoeba	537359	筋斗	筋斗	如果你在洋娃娃腹部的侧面上链的话，它就会扭动手臂，翻著筋斗向前前进。	如果你在洋娃娃腹部的側面上鍊的話，它就會扭動手臂，翻著筋斗向前前進。	如果你在洋娃娃腹部的側面上鏈的話，它就會扭動手臂，翻著筋斗向前前進。
166_1	tatoeba	2567618	斗争	鬥爭	在权利斗争中，非友即敌。	在權利鬥爭中，非友即敵。	在权利斗争中，非友即敌。
167_1	tatoeba	1737884	记忆	記憶	我想找一种提升记忆力的方法。	我想找一種提升記憶力的方法。	我想找一种提升记忆力的方法。
168_1	tatoeba	332616	计划	計劃	我们的计划从一开始就出错了。	我們的計劃從一開始就出錯了。	我们的计划从一开始就出错了。
169_1	tatoeba	13857147	签订	簽訂	我国与多个邻国签订了自由贸易协定。	我國與多個鄰國簽訂了自由貿易協定。	我國與多個鄰國簽訂了自由貿易協定。
171_1	tatoeba	346765	认为	認為	我不认为他会把你的话听进去。	我不認為他會把你的話聽進去。	我不认为他会把你的话听进去。
173_1	authored		讥讽	譏諷	他的发言充满讥讽。	他的發言充滿譏諷。	
177_0	authored		辛丑	辛丑	辛丑是干支纪年中的一年。	辛丑是干支紀年中的一年。	
177_1	tatoeba	13880624	丑陋	醜陋	杰西卡穿着一条丑陋的连衣裙。	傑西卡穿著一條醜陋的連衣裙。	杰西卡穿着一条丑陋的连衣裙。
180_1	tatoeba	13786754	部队	部隊	军队派遣了后勤部队来支援前线作战。	軍隊派遣了後勤部隊來支援前線作戰。	軍隊派遣了後勤部隊來支援前線作戰。
181_1	tatoeba	345760	办法	辦法	他绞尽脑汁想办法搞定这件事。	他絞盡腦汁想辦法搞定這件事。	他绞尽脑汁想办法搞定这件事。
185_1	authored		邓小平	鄧小平	历史课上介绍了邓小平。	歷史課上介紹了鄧小平。	
186_1	tatoeba	3205560	劝说	勸說	在我的劝说下，她终于决定留下来了。	在我的勸說下，她終於決定留下來了。	在我的劝说下，她终于决定留下来了。
187_1	tatoeba	333844	双方	雙方	首先，我要听听双方的意见。	首先，我要聽聽雙方的意見。	首先，我要听听双方的意见。
188_1	tatoeba	2367446	书记	書記	直到党委书记出面加以解释，才算打消了这种想法。	直到黨委書記出面加以解釋，才算打消了這種想法。	直到党委书记出面加以解释，才算打消了这种想法。
195_1	tatoeba	13903429	攻击	攻擊	自尊心是不向外攻击的优越感。	自尊心是不向外攻擊的優越感。	自尊心是不向外攻擊的優越感。
199_1	authored		扑通	撲通	石头扑通一声掉进水里。	石頭撲通一聲掉進水裡。	
209_1	tatoeba	2027913	季节	季節	一年之中，你最喜欢哪个季节？	一年之中，你最喜歡哪個季節？	一年之中，你最喜欢哪个季节？
211_0	authored		白术	白术	白术是一种常见的中药材。	白术是一種常見的中藥材。	
211_1	tatoeba	899118	技术	技術	除了语言，我也对技术感兴趣。	除了語言，我也對技術感興趣。	除了语言，我也对技术感兴趣。
215_1	tatoeba	420946	厉害	厲害	痛过，但是没现在这么厉害。	痛過，但是沒現在這麼厲害。	痛过，但是没现在这么厉害。
221_1	authored		小龙	小龍	那条小龙在云间穿梭。	那條小龍在雲間穿梭。	
223_1	tatoeba	3576063	消灭	消滅	他们奋斗的目标是消灭天花。	他們奮鬥的目標是消滅天花。	他们奋斗的目标是消灭天花。
224_1	authored		倾轧	傾軋	派系之间的倾轧损害了组织。	派系之間的傾軋損害了組織。	
225_1	tatoeba	343976	东西	東西	她感觉有东西碰到了她的脖子。	她感覺有東西碰到了她的脖子。	她感觉有东西碰到了她的脖子。
230_1	tatoeba	1977243	卢布	盧布	昨天我在口袋里发现了两万卢布，感到很愉快。	昨天我在口袋裡發現了兩萬盧布，感到很愉快。	昨天我在口袋里发现了两万卢布，感到很愉快。
231_1	tatoeba	407264	企业	企業	我哥哥在一家大企业有个职位。	我哥哥在一家大企業有個職位。	我哥哥在一家大企业有个职位。
232_1	tatoeba	4866939	仍旧	仍舊	我仍旧无法相信我居然做了这种事。	我仍舊無法相信我居然做了這種事。	我仍旧无法相信我居然做了这种事。
233_1	authored		统帅	統帥	统帅下令全军撤退。	統帥下令全軍撤退。	
234_1	tatoeba	10058500	回归	回歸	有一首关于澳门回归的歌很好听。	有一首關於澳門回歸的歌很好聽。	有一首关于澳门回归的歌很好听。
238_0	authored		叶韵	叶韻	这两句诗并不叶韵。	這兩句詩並不叶韻。	
238_1	tatoeba	842076	茶叶	茶葉	茶叶是从中国传入的。	茶葉是從中國傳入的。	茶叶是从中国传入的。
242_1	tatoeba	333978	电话	電話	我出去的时候有人打我电话吗？	我出去的時候有人打我電話嗎？	我出去的时候有人打我电话吗？
243_1	authored		称号	稱號	她获得了全国冠军的称号。	她獲得了全國冠軍的稱號。	
246_1	tatoeba	1789997	只因	衹因	其实我的薪水是足够用的，只因我枵腹买书，所以就显得清苦。	其實我的薪水是足夠用的，衹因我枵腹買書，所以就顯得清苦。	其实我的薪水是足够用的，只因我枵腹买书，所以就显得清苦。
246_2	tatoeba	382421	一只	一隻	她有一只猫。那只猫是白色的。	她有一隻貓。那隻貓是白色的。	她有一只猫。那只猫是白色的。
251_1	authored		叽哩咕噜	嘰哩咕嚕	他在角落里叽哩咕噜地说个不停。	他在角落裡嘰哩咕嚕地說個不停。	
257_1	tatoeba	5550005	叹息	嘆息	“我丢了钱包。”约翰叹息道。	“我丟了錢包。”約翰嘆息道。	“我丢了钱包。”约翰叹息道。
273_1	tatoeba	136402	我们	我們	你记不记得我们认识的那一天？	你記不記得我們認識的那一天？	你记不记得我们认识的那一天？
274_1	tatoeba	512436	仪式	儀式	我上个月组织了一个结婚仪式。	我上個月組織了一個結婚儀式。	我上个月组织了一个结婚仪式。
281_1	tatoeba	798289	草丛	草叢	花园里杂草丛生。	花園裡雜草叢生。	花園裡雜草叢生。
286_1	tatoeba	2567453	偶尔	偶爾	即使现在，偶尔还是会有余震。	即使現在，偶爾還是會有餘震。	即使现在，偶尔还是会有余震。
287_1	tatoeba	353511	音乐	音樂	每个人对音乐的审美都不一样。	每個人對音樂的審美都不一樣。	每个人对音乐的审美都不一样。
294_1	tatoeba	334705	处理	處理	你从来没时间处理重要的事情！	你從來沒時間處理重要的事情！	你从来没时间处理重要的事情！
295_0	tatoeba	1737844	冬季	冬季	什么是你最喜爱的冬季运动？	什麼是你最喜愛的冬季運動？	什么是你最喜爱的冬季运动？
295_1	authored		扑冬	撲鼕	苹果扑冬一声落在地上。	蘋果撲鼕一聲落在地上。	
296_1	tatoeba	333590	鸟类	鳥類	观察鸟类是个很好的业余爱好。	觀察鳥類是個很好的業餘愛好。	观察鸟类是个很好的业余爱好。
297_1	tatoeba	9804867	国务院	國務院	国务院次卿出访拉丁美洲展开游说。	國務院次卿出訪拉丁美洲展開遊說。	国务院次卿出访拉丁美洲展开游说。
299_1	tatoeba	334868	饥饿	飢餓	在非洲有许多孩子死于饥饿。	在非洲有許多孩子死於飢餓。	在非洲有许多孩子死于饥饿。
299_2	authored		饥民	饑民	官府开仓救济饥民。	官府開倉救濟饑民。	
303_1	authored		冯玉祥	馮玉祥	冯玉祥是民国时期的军事人物。	馮玉祥是民國時期的軍事人物。	
305_1	tatoeba	778516	闪电	閃電	汤姆被闪电击中过三次。	湯姆被閃電擊中過三次。	湯姆被閃電擊中過三次。
306_1	tatoeba	335000	荷兰	荷蘭	在我去荷兰之前，我从没见过风车。	在我去荷蘭之前，我從沒見過風車。	在我去荷兰之前，我从没见过风车。
309_1	tatoeba	13897445	汇报	匯報	你汇报一下。	你匯報一下。	你汇报一下。
309_2	tatoeba	13897445	汇报	彙報	你汇报一下。	你彙報一下。	你汇报一下。
310_1	authored		寡头	寡頭	几名寡头控制了当地市场。	幾名寡頭控制了當地市場。	
311_1	authored		武汉	武漢	武汉坐落在长江沿岸。	武漢坐落在長江沿岸。	
312_1	authored		咸宁	咸寧	咸宁以温泉闻名。	咸寧以溫泉聞名。	
315_1	tatoeba	335621	讨论	討論	让我们和他们讨论这个问题吧。	讓我們和他們討論這個問題吧。	让我们和他们讨论这个问题吧。
316_1	tatoeba	349556	描写	描寫	我打算描写我们的公园和山。	我打算描寫我們的公園和山。	我打算描寫我們的公園和山。
317_1	authored		转让	轉讓	双方签署了股权转让协议。	雙方簽署了股權轉讓協議。	
318_1	authored		礼部	禮部	礼部负责古代的礼仪事务。	禮部負責古代的禮儀事務。	
319_1	tatoeba	2027995	训练	訓練	未来飞行员将在模拟操作室中训练。	未來飛行員將在模擬操作室中訓練。	未来飞行员将在模拟操作室中训练。
320_1	tatoeba	332802	会议	會議	仅三分之一的成员出席了会议。	僅三分之一的成員出席了會議。	仅三分之一的成员出席了会议。
322_1	tatoeba	13894758	通讯	通訊	我的通讯录里全是些没什么印象的人。	我的通訊錄裡全是些沒什麼印象的人。	我的通讯录里全是些没什么印象的人。
323_1	tatoeba	3659903	记者	記者	我认识肩上背着照相机的记者。	我認識肩上揹著照相機的記者。	我认识肩上背着照相机的记者。
330_0	tatoeba	501347	出来	出來	人类生出来不是为了永久生存。	人類生出來不是為了永久生存。	人类生出来不是为了永久生存。
330_1	authored		一出	一齣	昨晚我看了一出好戏。	昨晚我看了一齣好戲。	
331_1	authored		辽东	遼東	明军曾在辽东修筑城堡。	明軍曾在遼東修築城堡。	
337_1	tatoeba	2200413	一边	一邊	他们在一边吃喝，一边聊天儿。	他們在一邊吃喝，一邊聊天兒。	他们在一边吃喝，一边聊天儿。
340_1	tatoeba	10355206	神圣	神聖	在印度，牛是一种神圣的动物。	在印度，牛是一種神聖的動物。	在印度，牛是一種神聖的動物。
341_1	tatoeba	770833	对于	對於	这个是我对于你的问题的答案。	這個是我對於你的問題的答案。	这个是我对于你的问题的答案。
342_0	tatoeba	3701786	台湾	台灣	我在台湾时，我们成为好朋友。	我在台灣時，我們成為好朋友。	我在臺灣時，我們成為好朋友。
342_1	tatoeba	3701786	台湾	臺灣	我在台湾时，我们成为好朋友。	我在臺灣時，我們成為好朋友。	我在臺灣時，我們成為好朋友。
342_2	tatoeba	1944810	台风	颱風	我做梦也没想到那儿会有台风。	我做夢也沒想到那兒會有颱風。	我做梦也没想到那儿会有台风。
342_3	tatoeba	420204	柜台	櫃檯	还有那边柜台里也有很多呢。	還有那邊櫃檯裡也有很多呢。	还有那边柜台里也有很多呢。
344_1	tatoeba	867616	纠正	糾正	你确认那是可纠正的错误吗？	你確認那是可糾正的錯誤嗎？	你确认那是可纠正的错误吗？
347_1	tatoeba	13750247	丝毫	絲毫	雨丝毫没有停的意思。	雨絲毫沒有停的意思。	雨丝毫没有停的意思。
353_1	tatoeba	13942910	活动	活動	这是商场促销活动送的保温杯。	這是商場促銷活動送的保溫杯。	这是商场促销活动送的保温杯。
361_1	tatoeba	13054926	巩固	鞏固	真正的王在巩固他的权利，然而虚假的王却在打高尔夫。	真正的王在鞏固他的權利，然而虛假的王卻在打高爾夫。	真正的王在巩固他的权利，然而虚假的王却在打高尔夫。
363_1	tatoeba	334978	执行	執行	我们在任何公司都应该是执行者。	我們在任何公司都應該是執行者。	我们在任何公司都应该是执行者。
364_1	tatoeba	1883635	扩大	擴大	他试图扩大自己的势力范围。	他試圖擴大自己的勢力範圍。	他试图扩大自己的势力范围。
365_1	tatoeba	10534902	扫描	掃描	汤姆，你能教玛丽用扫描仪吗？	湯姆，你能教瑪麗用掃描儀嗎？	湯姆，你能教瑪麗用掃描儀嗎？
367_1	tatoeba	609957	市场	市場	我们在市场上买了些蔬菜和鱼。	我們在市場上買了些蔬菜和魚。	我们在市场上买了些蔬菜和鱼。
368_1	tatoeba	6284488	扬州	揚州	我们去北京、西安、上海和扬州。	我們去北京、西安、上海和揚州。	我們去北京、西安、上海和揚州。
373_1	tatoeba	8743781	亚洲	亞洲	请问乔治亚洲的最低工资是多少？	請問喬治亞洲的最低工資是多少？	请问乔治亚洲的最低工资是多少？
376_0	authored		俭朴	儉朴	他们一家生活俭朴。	他們一家生活儉朴。	
376_1	authored		朴实	樸實	他的语言朴实而有力。	他的語言樸實而有力。	
377_1	tatoeba	9007589	机关	機關	请把电视机关掉好吗？	請把電視機關掉好嗎？	请把电视机关掉好吗？
378_1	tatoeba	1970428	权力	權力	汉宣帝时，匈奴贵族争夺权力。	漢宣帝時，匈奴貴族爭奪權力。	汉宣帝时，匈奴贵族争夺权力。
379_1	tatoeba	1358598	通过	通過	通过诋毁别人，你得不到什么。	通過詆譭別人，你得不到什麼。	通过诋毁别人，你得不到什么。
383_1	tatoeba	13531846	协议	協議	欧洲各国之间需要达成协议。	歐洲各國之間需要達成協議。	歐洲各國之間需要達成協議。
385_1	tatoeba	1565680	压力	壓力	橡皮不硬：它在压力下会变形。	橡皮不硬：它在壓力下會變形。	橡皮不硬：它在压力下会变形。
386_1	tatoeba	335359	讨厌	討厭	无论怎样，都很讨厌，不是吗？	無論怎樣，都很討厭，不是嗎？	无论怎样，都很讨厌，不是吗？
393_1	tatoeba	389821	网页	網頁	一个网页超过百分之九十的访问量是来自于搜索引擎的。	一個網頁超過百分之九十的訪問量是來自於搜尋引擎的。	一个网页超过百分之九十的访问量是来自于搜索引擎的。
395_0	authored		夸特	夸特	这枚硬币值一夸特。	這枚硬幣值一夸特。	
395_1	tatoeba	919618	夸张	誇張	在我看来，她有一种夸张的倾向。	在我看來，她有一種誇張的傾向。	在我看來，她有一種誇張的傾向。
396_1	authored		夺取	奪取	队员奋力夺取冠军。	隊員奮力奪取冠軍。	
398_1	tatoeba	808213	达到	達到	我们终于达到了我们的目标。	我們終於達到了我們的目標。	我们终于达到了我们的目标。
402_1	tatoeba	5951355	夹击	夾擊	我们被两面夹击了。	我們被兩面夾擊了。	我們被兩面夾擊了。
404_1	tatoeba	918510	轨道	軌道	很多月亮在土星四周绕轨道运行。	很多月亮在土星四周繞軌道執行。	很多月亮在土星四周绕轨道运行。
406_1	authored		唐尧	唐堯	唐尧是传说中的古代君主。	唐堯是傳說中的古代君主。	
407_0	tatoeba	336671	划船	划船	为了参加划船比赛，一支新的队伍组成了。	為了參加划船比賽，一支新的隊伍組成了。	为了参加划船比赛，一支新的队伍组成了。
408_1	authored		迈进	邁進	我们正向新的目标迈进。	我們正向新的目標邁進。	
409_1	tatoeba	633979	毕业	畢業	我父亲在我毕业之前就过世了。	我父親在我畢業之前就過世了。	我父亲在我毕业之前就过世了。
412_1	authored		坚贞不屈	堅貞不屈	她面对威胁仍然坚贞不屈。	她面對威脅仍然堅貞不屈。	
413_1	tatoeba	862457	师父	師父	“拜个不够行的师父，很伤脑筋吧？”　“我也很笨，所以没关系。”	“拜個不夠行的師父，很傷腦筋吧？”　“我也很笨，所以沒關係。”	“拜个不够行的师父，很伤脑筋吧？”　“我也很笨，所以没关系。”
414_1	authored		拂尘	拂塵	道士轻轻挥动手中的拂尘。	道士輕輕揮動手中的拂塵。	
418_1	tatoeba	429478	当时	當時	我当时每个月都会购买五本书。	我當時每個月都會購買五本書。	我当时每个月都会购买五本书。
418_2	authored		叮当	叮噹	门外传来叮当的铃声。	門外傳來叮噹的鈴聲。	
420_0	authored		长吁短叹	長吁短嘆	他整天长吁短叹，却不肯行动。	他整天長吁短嘆，卻不肯行動。	
420_1	tatoeba	908527	呼吁	呼籲	我们提出了请求支持的呼吁。	我們提出了請求支援的呼籲。	我們提出了請求支持的呼籲。
422_1	tatoeba	12568856	吓坏	嚇壞	一开头她吓坏了, 后来才定下神来。	一開頭她嚇壞了, 後來才定下神來。	一开头她吓坏了, 后来才定下神来。
423_1	tatoeba	1790171	昆虫	昆蟲	这种昆虫在英语中叫什么？	這種昆蟲在英語中叫什麼？	这种昆虫在英语中叫什么？
424_0	tatoeba	13537184	曲折	曲折	智慧线清晰且曲折，预示思维敏捷但易犹豫不决。	智慧線清晰且曲折，預示思維敏捷但易猶豫不決。	智慧線清晰且曲折，預示思維敏捷但易猶豫不決。
424_1	authored		酒曲	酒麯	酿酒时需要使用酒曲。	釀酒時需要使用酒麯。	
425_1	tatoeba	13882118	集团	集團	国际刑警组织正在追查跨国绑架集团的下落。	國際刑警組織正在追查跨國綁架集團的下落。	國際刑警組織正在追查跨國綁架集團的下落。
425_2	authored		团子	糰子	孩子吃了一个糯米团子。	孩子吃了一個糯米糰子。	
432_1	authored		干吗	幹嗎	你站在门口干吗？	你站在門口幹嗎？	
434_1	tatoeba	1394838	岛屿	島嶼	这个岛屿位于日本的西边。	這個島嶼位於日本的西邊。	这个岛屿位于日本的西边。
436_1	tatoeba	11758750	万岁	萬歲	自由魁北克万岁！	自由魁北克萬歲！	自由魁北克万岁！
438_0	tatoeba	344983	回来	回來	我明天回来后会打电话给他们。	我明天回來後會打電話給他們。	我明天回来后会打电话给他们。
438_1	tatoeba	10058500	回归	迴歸	有一首关于澳门回归的歌很好听。	有一首關於澳門迴歸的歌很好聽。	有一首关于澳门回归的歌很好听。
440_1	tatoeba	1471139	原则	原則	在办公室吸烟违背我们的原则。	在辦公室吸菸違揹我們的原則。	在办公室吸烟违背我们的原则。
441_1	tatoeba	1260507	刚才	剛才	我刚才瞧了一眼，一点没意思。	我剛才瞧了一眼，一點沒意思。	我刚才瞧了一眼，一点没意思。
442_1	tatoeba	13976082	网络	網絡	他通过开直播来结交网络朋友。	他透過開直播來結交網絡朋友。	他通过开直播来结交网络朋友。
445_0	authored		朱元璋	朱元璋	朱元璋建立了明朝。	朱元璋建立了明朝。	
451_1	tatoeba	13605144	变迁	變遷	气候变迁正在对地球范围内造成严重影响。	氣候變遷正在對地球範圍內造成嚴重影響。	氣候變遷正在對地球範圍內造成嚴重影響。
452_1	authored		乔木	喬木	院子里种着几棵高大的乔木。	院子裡種著幾棵高大的喬木。	
454_1	tatoeba	332835	伟大	偉大	他是日本最伟大的艺术家之一。	他是日本最偉大的藝術家之一。	他是日本最伟大的艺术家之一。
455_1	tatoeba	1426458	传统	傳統	他们传统的生活方式不再存在。	他們傳統的生活方式不再存在。	他们传统的生活方式不再存在。
461_1	tatoeba	755897	优势	優勢	主场队总是比对手有优势。	主場隊總是比對手有優勢。	主场队总是比对手有优势。
468_1	tatoeba	1516240	受伤	受傷	他在一场交通事故中严重受伤。	他在一場交通事故中嚴重受傷。	他在一场交通事故中严重受伤。
469_1	tatoeba	606893	价值	價值	这是一个具有历史价值的城市。	這是一個具有歷史價值的城市。	这是一个具有历史价值的城市。
470_1	tatoeba	335017	伦敦	倫敦	他一到伦敦就给我发了个电报。	他一到倫敦就給我發了個電報。	他一到伦敦就给我发了个电报。
472_1	authored		新华社	新華社	新华社发布了这条消息。	新華社釋出了這條訊息。	
475_0	tatoeba	1438474	伙伴	伙伴	他和他的伙伴让我跟他们一起去。	他和他的伙伴讓我跟他們一起去。	他和他的伙伴让我跟他们一起去。
475_1	tatoeba	1438474	伙伴	夥伴	他和他的伙伴让我跟他们一起去。	他和他的夥伴讓我跟他們一起去。	他和他的伙伴让我跟他们一起去。
476_1	authored		伪托	僞託	这部作品被后人伪托给名家。	這部作品被後人僞託給名家。	
480_0	tatoeba	343410	方向	方向	我肯定事情会往好的方向发展。	我肯定事情會往好的方向發展。	我肯定事情会往好的方向发展。
480_1	tatoeba	13882008	面向	面嚮	向日葵总是面向太阳。	向日葵總是面嚮太陽。	向日葵总是面向太阳。
482_0	tatoeba	683070	先后	先后	他主张的是出生的先后次序和个性有很密切的关系。	他主張的是出生的先后次序和個性有很密切的關係。	他主張的是出生的先後次序和個性有很密切的關係。
486_1	tatoeba	5550294	社会	社會	他不仅社会学毕业，还有哲学。	他不僅社會學畢業，還有哲學。	他不仅社会学毕业，还有哲学。
487_1	tatoeba	12686377	杀人	殺人	那个杀人犯依然逍遥法外。	那個殺人犯依然逍遙法外。	那个杀人犯依然逍遥法外。
488_0	tatoeba	2915096	合作	合作	没人能够预言这次合作的结果。	沒人能夠預言這次合作的結果。	没人能够预言这次合作的结果。
488_1	authored		合眼	閤眼	外面太吵，我一夜没有合眼。	外面太吵，我一夜沒有閤眼。	
491_1	tatoeba	5095102	与众不同	與衆不同	汤姆有什么很与众不同的地方吗？	湯姆有什麼很與衆不同的地方嗎？	汤姆有什么很与众不同的地方吗？
492_1	tatoeba	14010759	老爷	老爺	老爷子毕生的心血全泡汤了。	老爺子畢生的心血全泡湯了。	老爺子畢生的心血全泡湯了。
493_1	authored		伞兵	傘兵	伞兵从运输机上依次跳下。	傘兵從運輸機上依次跳下。	
494_1	tatoeba	400819	创造	創造	咖啡师们该创造一个情景喜剧。	咖啡師們該創造一個情景喜劇。	咖啡师们该创造一个情景喜剧。
498_1	tatoeba	2367543	复杂	複雜	事情总比我们想的要复杂得多。	事情總比我們想的要複雜得多。	事情总比我们想的要复杂得多。
503_1	tatoeba	334340	负责	負責	父母要对他们子女的安全负责。	父母要對他們子女的安全負責。	父母要对他们子女的安全负责。
510_1	tatoeba	346126	壮丽	壯麗	我从没见过那么壮丽的日落景色。	我從沒見過那麼壯麗的日落景色。	我从没见过那么壮丽的日落景色。
511_0	authored		冲龄	冲齡	皇帝冲龄即位，由大臣辅政。	皇帝冲齡即位，由大臣輔政。	
511_1	tatoeba	5360059	冲突	衝突	这两个国家经常发生边境冲突。	這兩個國家經常發生邊境衝突。	這兩個國家經常發生邊境衝突。
512_1	authored		化妆品	化妝品	她对这种化妆品过敏。	她對這種化妝品過敏。	
515_1	tatoeba	2228186	重庆	重慶	重庆是一座丘陵的城市，道路弯弯曲曲的。	重慶是一座丘陵的城市，道路彎彎曲曲的。	重庆是一座丘陵的城市，道路弯弯曲曲的。
517_1	tatoeba	421511	刘备	劉備	刘备和诸葛亮是一支无法战胜的队伍。	劉備和諸葛亮是一支無法戰勝的隊伍。	刘备和诸葛亮是一支无法战胜的队伍。
518_1	authored		一齐	一齊	大家一齐举起了杯子。	大家一齊舉起了杯子。	
522_1	authored		黑产	黑産	警方正在调查网络黑产。	警方正在調查網路黑産。	
527_1	authored		闭会	閉會	主席宣布大会正式闭会。	主席宣佈大會正式閉會。	
528_1	tatoeba	332526	问题	問題	如何克服日元升高是个大问题。	如何克服日元升高是個大問題。	如何克服日元升高是个大问题。
529_1	authored		闯王	闖王	李自成被称为闯王。	李自成被稱為闖王。	
532_1	tatoeba	334900	关系	關係	这个犯罪和我一点关系都没有。	這個犯罪和我一點關係都沒有。	这个犯罪和我一点关系都没有。
534_1	tatoeba	4948530	灯光	燈光	灯光太暗了，我没法阅读。	燈光太暗了，我沒法閱讀。	灯光太暗了，我没法阅读。
542_1	authored		鸡汤	雞湯	锅里的鸡汤还在冒热气。	鍋裡的雞湯還在冒熱氣。	
544_1	tatoeba	332579	高兴	高興	听到她成功的消息，他很高兴。	聽到她成功的訊息，他很高興。	听到她成功的消息，他很高兴。
550_1	tatoeba	3077990	讲话	講話	这里有点吵，请你讲话大点声。	這裡有點吵，請你講話大點聲。	这里有点吵，请你讲话大点声。
551_1	tatoeba	4813413	忌讳	忌諱	艺术不同于哲学，它最忌讳抽象。	藝術不同於哲學，它最忌諱抽象。	艺术不同于哲学，它最忌讳抽象。
552_1	tatoeba	3544974	军事	軍事	这个国家的军事力量很先进。	這個國家的軍事力量很先進。	这个国家的军事力量很先进。
553_1	tatoeba	346477	惊讶	驚訝	听说他失败了，我感到很惊讶。	聽說他失敗了，我感到很驚訝。	听说他失败了，我感到很惊讶。
554_1	tatoeba	1870806	许多	許多	这本书包含了许多美丽的插图。	這本書包含了許多美麗的插圖。	这本书包含了许多美丽的插图。
555_1	authored		讹诈	訛詐	罪犯用照片对受害者进行讹诈。	罪犯用照片對受害者進行訛詐。	
556_1	tatoeba	335109	理论	理論	最后，他终于明白了那个理论。	最後，他終於明白了那個理論。	最后，他终于明白了那个理论。
557_1	tatoeba	10153683	诉讼	訴訟	汤姆将对他们提起民事诉讼。	湯姆將對他們提起民事訴訟。	汤姆将对他们提起民事诉讼。
558_1	tatoeba	2515316	农业	農業	政府应该加大对农业的投资。	政府應該加大對農業的投資。	政府应该加大对农业的投资。
559_1	tatoeba	4746474	讽刺	諷刺	你不觉得这个名字很讽刺吗，「神圣的战争」？	你不覺得這個名字很諷刺嗎，「神聖的戰爭」？	你不覺得這個名字很諷刺嗎，「神聖的戰爭」？
560_1	tatoeba	9846223	建设	建設	建设美丽新疆，共圆祖国梦想。	建設美麗新疆，共圓祖國夢想。	建设美丽新疆，共圆祖国梦想。
561_1	tatoeba	810068	采访	採訪	这名采访者确认了他的采访对象。	這名採訪者確認了他的採訪物件。	這名採訪者確認了他的採訪對象。
562_1	tatoeba	13275185	秘诀	秘訣	秘诀是什么？	秘訣是什麼？	祕訣是什麼？
563_1	tatoeba	662309	寻找	尋找	我在寻找一个礼物送给我母亲。	我在尋找一個禮物送給我母親。	我在寻找一个礼物送给我母亲。
566_1	tatoeba	10926508	尽量	盡量	游戏目标是尽量长时间保持不动。	遊戲目標是盡量長時間保持不動。	游戏目标是尽量长时间保持不动。
566_2	tatoeba	786018	尽管	儘管	尽管他很富有，他还是不满足。	儘管他很富有，他還是不滿足。	尽管他很富有，他还是不满足。
567_1	tatoeba	13828932	领导	領導	许多人说他不适合当领导。	許多人說他不適合當領導。	许多人说他不适合当领导。
570_1	authored		孙中山	孫中山	孙中山出生于广东香山。	孫中山出生於廣東香山。	
571_1	tatoeba	13753072	一阵	一陣	一阵寒意像砖头一样击中了我。	一陣寒意像磚頭一樣擊中了我。	一陣寒意像磚頭一樣擊中了我。
572_1	tatoeba	421086	襄阳	襄陽	我不好去新天地，坐星巴克，也要走走襄阳路市场，做做月工资全化光的人。	我不好去新天地，坐星巴克，也要走走襄陽路市場，做做月工資全化光的人。	我不好去新天地，坐星巴克，也要走走襄阳路市场，做做月工资全化光的人。
574_1	tatoeba	688273	阶段	階段	工程的第一阶段已经完成了。	工程的第一階段已經完成了。	工程的第一階段已經完成了。
575_1	tatoeba	13117586	阴谋	陰謀	人们指控他参与了这场阴谋。	人們指控他參與了這場陰謀。	人們指控他參與了這場陰謀。
579_1	tatoeba	10260763	妇女	婦女	在沙特阿拉伯妇女不允许开车。	在沙烏地阿拉伯婦女不允許開車。	在沙特阿拉伯妇女不允许开车。
583_1	tatoeba	12314099	他妈的	他媽的	我他妈的才不管你们说什么！	我他媽的才不管你們說什麼！	我他妈的才不管你们说什么！
584_1	tatoeba	471032	游戏	遊戲	父母在和他们的孩子玩游戏。	父母在和他們的孩子玩遊戲。	父母在和他们的孩子玩游戏。
586_1	tatoeba	10696012	观点	觀點	他的观点为问题带来了新想法。	他的觀點為問題帶來了新想法。	他的观点为问题带来了新想法。
587_1	tatoeba	332849	喜欢	喜歡	你更喜欢哪个，这个还是那个？	你更喜歡哪個，這個還是那個？	你更喜欢哪个，这个还是那个？
588_1	tatoeba	429478	购买	購買	我当时每个月都会购买五本书。	我當時每個月都會購買五本書。	我当时每个月都会购买五本书。
589_1	tatoeba	1517746	红色	紅色	那个有红色房顶的是汤姆的家。	那個有紅色房頂的是湯姆的家。	那个有红色房顶的是汤姆的家。
590_1	authored		驮运	馱運	骡子负责驮运山里的物资。	騾子負責馱運山裡的物資。	
591_1	tatoeba	373196	纤维	纖維	你要吃多点含膳食纤维的食物。	你要吃多點含膳食纖維的食物。	你要吃多點含膳食纖維的食物。
591_2	authored		纤夫	縴夫	纤夫拉着船逆流而上。	縴夫拉著船逆流而上。	
592_1	authored		驯鹿	馴鹿	驯鹿在雪地里寻找食物。	馴鹿在雪地裡尋找食物。	
593_1	tatoeba	847743	条约	條約	新条约可能在接下来的两三周内谈妥。	新條約可能在接下來的兩三週內談妥。	新条约可能在接下来的两三周内谈妥。
594_1	authored		各级	各級	各级部门都要落实新规定。	各級部門都要落實新規定。	
595_1	tatoeba	1133348	世纪	世紀	算盘在中世纪一直被广泛使用。	算盤在中世紀一直被廣泛使用。	算盘在中世纪一直被广泛使用。
596_1	authored		奔驰	奔馳	骏马在草原上奔驰。	駿馬在草原上奔馳。	
597_1	authored		缝纫机	縫紉機	这台旧缝纫机仍然可以使用。	這臺舊縫紉機仍然可以使用。	
599_1	tatoeba	8969818	寿命	壽命	合理地喂狗可以延长宠物寿命。	合理地餵狗可以延長寵物壽命。	合理地喂狗可以延长宠物寿命。
601_1	tatoeba	1785939	小麦	小麥	你能辨别小麦和大麦吗？	你能辨別小麥和大麥嗎？	你能辨别小麦和大麦吗？
603_1	authored		玛瑙	瑪瑙	这条项链上镶着红玛瑙。	這條項鍊上鑲著紅瑪瑙。	
605_1	tatoeba	1923687	进行	進行	就算下雨，比赛也将照常进行。	就算下雨，比賽也將照常進行。	就算下雨，比赛也将照常进行。
608_1	tatoeba	4760051	永远	永遠	她会永远活在我们的记忆里面。	她會永遠活在我們的記憶裡面。	她会永远活在我们的记忆里面。
609_1	tatoeba	8688126	违反	違反	汤姆不知道他的所作所为违反了规则。	湯姆不知道他的所作所為違反了規則。	汤姆不知道他的所作所为违反了规则。
610_1	tatoeba	1736070	坚韧	堅韌	学好一门外语需要坚韧不拔的毅力。	學好一門外語需要堅韌不拔的毅力。	学好一门外语需要坚韧不拔的毅力。
611_1	tatoeba	444638	运动	運動	视力不好对运动员来说是残疾。	視力不好對運動員來說是殘疾。	视力不好对运动员来说是残疾。
613_1	authored		巡抚	巡撫	巡抚在明清时期掌管一省军政。	巡撫在明清時期掌管一省軍政。	
614_1	tatoeba	501352	论坛	論壇	我在这些论坛上没有帐号。	我在這些論壇上沒有帳號。	我在这些论坛上没有帐号。
614_2	authored		酒坛	酒罎	酒坛被埋在老树下面。	酒罎被埋在老樹下面。	
616_1	tatoeba	2518639	破坏	破壞	汤姆因为破坏了校规而退学了。	湯姆因為破壞了校規而退學了。	汤姆因为破坏了校规而退学了。
617_1	authored		抠字眼	摳字眼	别总抠字眼，先理解整句话。	別總摳字眼，先理解整句話。	
618_1	tatoeba	889319	干扰	干擾	苍蝇和蚊子干扰了他的冥想。	蒼蠅和蚊子干擾了他的冥想。	蒼蠅和蚊子干擾了他的冥想。
627_1	tatoeba	427606	贡献	貢獻	他为经济发展作了很多贡献。	他為經濟發展作了很多貢獻。	他为经济发展作了很多贡献。
629_1	tatoeba	336074	堤坝	堤垻	堤坝保护了城市免受洪灾。	堤垻保護了城市免受洪災。	堤坝保护了城市免受洪灾。
629_2	authored		葛洲坝	葛洲壩	葛洲坝位于长江干流上。	葛洲壩位於長江干流上。	
632_0	tatoeba	13537184	曲折	曲折	智慧线清晰且曲折，预示思维敏捷但易犹豫不决。	智慧線清晰且曲折，預示思維敏捷但易猶豫不決。	智慧線清晰且曲折，預示思維敏捷但易猶豫不決。
632_1	authored		折子	摺子	她把衣服叠成整齐的折子。	她把衣服疊成整齊的摺子。	
635_1	authored		抡元	掄元	他在科举考试中抡元。	他在科舉考試中掄元。	
637_1	tatoeba	6822753	抢救	搶救	为抢救病人医生已尽力了。	為搶救病人醫生已盡力了。	为抢救病人医生已尽力了。
644_1	tatoeba	8748608	坟墓	墳墓	他们被埋在一座大坟墓里。	他們被埋在一座大墳墓裡。	他们被埋在一座大坟墓里。
649_1	tatoeba	333347	保护	保護	我们应该告诉孩子怎么保护自己。	我們應該告訴孩子怎麼保護自己。	我们应该告诉孩子怎么保护自己。
650_1	authored		地壳	地殻	地壳由岩石构成。	地殻由岩石構成。	
652_1	tatoeba	333700	一块	一塊	我叔叔给了我一块漂亮的手表。	我叔叔給了我一塊漂亮的手錶。	我叔叔给了我一块漂亮的手表。
654_1	tatoeba	9400765	一声	一聲	他连一声道歉也没有对她说。	他連一聲道歉也沒有對她說。	他连一声道歉也没有对她说。
656_1	tatoeba	332952	报告	報告	这个月底前，我们必须交报告。	這個月底前，我們必須交報告。	这个月底前，我们必须交报告。
657_1	tatoeba	2027995	模拟	模擬	未来飞行员将在模拟操作室中训练。	未來飛行員將在模擬操作室中訓練。	未来飞行员将在模拟操作室中训练。
662_1	authored		芜湖	蕪湖	芜湖是一座沿江城市。	蕪湖是一座沿江城市。	
663_1	authored		芦苇	蘆葦	湖边长满了芦苇。	湖邊長滿了蘆葦。	
669_1	tatoeba	2092374	苍白	蒼白	发生什么了？你脸色这样苍白。	發生什麼了？你臉色這樣蒼白。	发生什么了？你脸色这样苍白。
671_1	tatoeba	405750	严重	嚴重	俄罗斯面临着严重的财政困难。	俄羅斯面臨著嚴重的財政困難。	俄罗斯面临着严重的财政困难。
672_1	tatoeba	803569	葫芦	葫蘆	他葫芦里不知卖的是什么药？	他葫蘆裡不知賣的是什麼藥？	他葫芦里不知卖的是什么药？
674_1	tatoeba	1753231	劳动	勞動	他对自己的劳动成果很满意。	他對自己的勞動成果很滿意。	他对自己的劳动成果很满意。
675_0	tatoeba	13539024	坦克	坦克	坦克是没有后照镜的。	坦克是沒有後照鏡的。	坦克是沒有後照鏡的。
675_1	tatoeba	13894744	克制	剋制	我看的出来，她正在克制自己的怒火。	我看的出來，她正在剋制自己的怒火。	我看的出来，她正在克制自己的怒火。
677_1	tatoeba	737320	苏联	蘇聯	苏联军队开始从阿富汗撤军了。	蘇聯軍隊開始從阿富汗撤軍了。	苏联军队开始从阿富汗撤军了。
677_2	authored		噜苏	嚕囌	这份说明太噜苏了。	這份說明太嚕囌了。	
687_1	tatoeba	2286071	积极	積極	网络积极分子想跟最高领袖见面。	網路積極分子想跟最高領袖見面。	网络积极分子想跟最高领袖见面。
689_1	tatoeba	12705180	杨柳	楊柳	昔我往矣，杨柳依依。今我来思，雨雪霏霏。	昔我往矣，楊柳依依。今我來思，雨雪霏霏。	昔我往矣，杨柳依依。今我来思，雨雪霏霏。
697_1	authored		两个	兩個	桌上放着两个杯子。	桌上放著兩個杯子。	
699_1	tatoeba	1409456	美丽	美麗	变美丽的最简单方法就是微笑。	變美麗的最簡單方法就是微笑。	变美丽的最简单方法就是微笑。
700_1	tatoeba	756862	医院	醫院	我想去医院做一个全面的检查。	我想去醫院做一個全面的檢查。	我想去医院做一个全面的检查。
702_1	tatoeba	2254413	鼓励	鼓勵	我鼓励学生们更努力地学习。	我鼓勵學生們更努力地學習。	我鼓励学生们更努力地学习。
704_1	tatoeba	1176034	还有	還有	我要麻婆豆腐，还有两碗米饭。	我要麻婆豆腐，還有兩碗米飯。	我要麻婆豆腐，还有两碗米饭。
706_1	authored		歼灭	殲滅	部队奉命歼灭敌军主力。	部隊奉命殲滅敵軍主力。	
707_1	tatoeba	335314	起来	起來	我们常把黑色跟死亡联系起来。	我們常把黑色跟死亡聯絡起來。	我们常把黑色跟死亡联系起来。
708_1	tatoeba	8143516	连续	連續	小脑需要连续不断的血液供给。	小腦需要連續不斷的血液供給。	小脑需要连续不断的血液供给。
709_1	authored		轩然大波	軒然大波	这项决定引起了轩然大波。	這項決定引起了軒然大波。	
711_1	authored		卤素	鹵素	氟和氯都属于卤素。	氟和氯都屬於鹵素。	
711_2	authored		卤鸡	滷雞	这家店的卤鸡很入味。	這家店的滷雞很入味。	
712_1	tatoeba	333192	坚持	堅持	我爸爸坚持要我去那地方看看。	我爸爸堅持要我去那地方看看。	我爸爸坚持要我去那地方看看。
717_1	tatoeba	334705	时间	時間	你从来没时间处理重要的事情！	你從來沒時間處理重要的事情！	你从来没时间处理重要的事情！
720_1	authored		自治县	自治縣	这个自治县拥有丰富的森林资源。	這個自治縣擁有豐富的森林資源。	
721_0	tatoeba	2113788	公里	公里	从这里到银行足有三公里路。	從這裡到銀行足有三公里路。	从这里到银行足有三公里路。
721_1	tatoeba	347309	这里	這裏	你愿意在这里呆多久就呆多久。	你願意在這裏呆多久就呆多久。	你愿意在这里呆多久就呆多久。
725_1	tatoeba	6014700	呕吐	嘔吐	你是否有恶心呕吐的感觉。	你是否有噁心嘔吐的感覺。	你是否有噁心嘔吐的感覺。
726_1	tatoeba	345943	公园	公園	走了几分钟后，我们到了公园。	走了幾分鐘後，我們到了公園。	走了几分钟后，我们到了公园。
727_1	tatoeba	3130793	旷野	曠野	父亲这趟列车正在徐徐减速，等待惯性用尽，静静地停在空无一物的旷野之中。	父親這趟列車正在徐徐減速，等待慣性用盡，靜靜地停在空無一物的曠野之中。	父亲这趟列车正在徐徐减速，等待惯性用尽，静静地停在空无一物的旷野之中。
728_1	tatoeba	1883635	范围	範圍	他试图扩大自己的势力范围。	他試圖擴大自己的勢力範圍。	他试图扩大自己的势力范围。
730_1	authored		吨位	噸位	港口限制船只的吨位。	港口限制船隻的噸位。	
732_1	tatoeba	337277	邮政	郵政	距离村内的邮政局不到一公里。	距離村內的郵政局不到一公里。	距離村內的郵政局不到一公里。
734_0	tatoeba	405750	困难	困難	俄罗斯面临着严重的财政困难。	俄羅斯面臨著嚴重的財政困難。	俄罗斯面临着严重的财政困难。
734_1	tatoeba	2456059	困倦	睏倦	困倦的时候学习是在浪费时间。	睏倦的時候學習是在浪費時間。	困倦的时候学习是在浪费时间。
737_1	authored		委员会	委員會	委员会将在下周表决提案。	委員會將在下週表決提案。	
739_1	tatoeba	336242	听说	聽說	我们经常听说日本人工作勤奋。	我們經常聽說日本人工作勤奮。	我们经常听说日本人工作勤奋。
742_1	authored		够呛	夠嗆	今天的风大得够呛。	今天的風大得夠嗆。	
745_1	authored		呜咽	嗚咽	她听到消息后低声呜咽。	她聽到訊息後低聲嗚咽。	
751_0	authored		别姓	别姓	复姓和别姓都能反映家族历史。	複姓和别姓都能反映家族歷史。	
751_1	authored		别扭	彆扭	这双新鞋穿起来有点别扭。	這雙新鞋穿起來有點彆扭。	
753_1	tatoeba	13573155	崎岖	崎嶇	巴苏陀兰的景色崎岖壮丽，别具一格，与我见过的南非其他地方都截然不同。	巴蘇陀蘭的景色崎嶇壯麗，別具一格，與我見過的南非其他地方都截然不同。	巴蘇陀蘭的景色崎嶇壯麗，別具一格，與我見過的南非其他地方都截然不同。
754_1	tatoeba	2383499	岗位	崗位	这个岗位不合适小姑娘。	這個崗位不合適小姑娘。	这个岗位不合适小姑娘。
756_1	tatoeba	817294	财产	財產	他最近几年获得了很多财产。	他最近幾年獲得了很多財產。	他最近几年获得了很多财产。
757_1	authored		方针	方針	会议确定了今后的工作方针。	會議確定了今後的工作方針。	
758_1	tatoeba	840799	钉子	釘子	这个钉子撕破了他的夹克。	這個釘子撕破了他的夾克。	這個釘子撕破了他的夾克。
762_1	tatoeba	407337	混乱	混亂	吉尔吉斯斯坦的情况十分混乱。	吉爾吉斯斯坦的情況十分混亂。	吉尔吉斯斯坦的情况十分混乱。
770_1	authored		政体	政體	不同国家采用不同的政体。	不同國家採用不同的政體。	
780_1	tatoeba	1575957	雇佣	雇傭	因为他为人正直，所以我雇佣了他。	因為他為人正直，所以我雇傭了他。	因为他为人正直，所以我雇佣了他。
795_0	authored		新余市	新余市	新余市位于江西省中部偏西。	新余市位於江西省中部偏西。	
795_1	tatoeba	1541790	其余	其餘	你留在这儿，其余的人去外面	你留在這兒，其餘的人去外面	你留在这儿，其余的人去外面
798_0	tatoeba	13573400	河谷	河谷	他们向西北方向进军，进入了谢南多厄河谷。	他們向西北方向進軍，進入了謝南多厄河谷。	他們向西北方向進軍，進入了謝南多厄河谷。
798_1	tatoeba	334454	谷物	穀物	黑麦被称为贫穷的谷物。	黑麥被稱為貧窮的穀物。	黑麦被称为贫穷的谷物。
801_1	tatoeba	2615139	邻近	鄰近	在我的邻近区域有一个大超市。	在我的鄰近區域有一個大超市。	在我的邻近区域有一个大超市。
807_1	authored		肠子	腸子	他饿得肠子咕咕叫。	他餓得腸子咕咕叫。	
808_1	tatoeba	339505	乌龟	烏龜	野兔被乌龟抛了在后头。	野兔被烏龜拋了在後頭。	野兔被烏龜拋了在後頭。
812_1	tatoeba	7033616	犹如	猶如	靠武力取胜，犹如落败，因为这样的胜利不会长久。	靠武力取勝，猶如落敗，因為這樣的勝利不會長久。	靠武力取勝，猶如落敗，因為這樣的勝利不會長久。
813_1	tatoeba	13840626	狼狈	狼狽	你看看你们的样子，勾肩搭背，狼狈为奸。	你看看你們的樣子，勾肩搭背，狼狽為奸。	你看看你們的樣子，勾肩搭背，狼狽為奸。
816_1	tatoeba	751241	条件	條件	不少人以高薪为成功的条件。	不少人以高薪為成功的條件。	不少人以高薪为成功的条件。
820_1	authored		青岛	青島	青岛是一座美丽的海滨城市。	青島是一座美麗的海濱城市。	
823_1	tatoeba	389397	吃饭	吃飯	我们找一天定个时间一起吃饭。	我們找一天定個時間一起吃飯。	我们找一天定个时间一起吃饭。
824_1	tatoeba	389929	饮食	飲食	蔬果对平衡饮食必不可少。	蔬果對平衡飲食必不可少。	蔬果对平衡饮食必不可少。
825_0	tatoeba	334900	关系	關系	这个犯罪和我一点关系都没有。	這個犯罪和我一點關系都沒有。	这个犯罪和我一点关系都没有。
825_1	tatoeba	334900	关系	關係	这个犯罪和我一点关系都没有。	這個犯罪和我一點關係都沒有。	这个犯罪和我一点关系都没有。
825_2	tatoeba	334721	联系	聯繫	我们联系上他们已经为时已晚。	我們聯繫上他們已經為時已晚。	我们联系上他们已经为时已晚。
827_1	tatoeba	1239327	冻结	凍結	我将建筑称作被冻结的音乐。	我將建築稱作被凍結的音樂。	我將建築稱作被凍結的音樂。
828_1	tatoeba	1888733	状态	狀態	我不在讨论这个问题的状态。	我不在討論這個問題的狀態。	我不在讨论这个问题的状态。
829_1	authored		千亩	千畝	村里新开垦了千亩农田。	村裡新開墾了千畝農田。	
832_1	authored		文库	文庫	这本文库收录了许多古典作品。	這本文庫收錄了許多古典作品。	
834_1	tatoeba	334881	治疗	治療	预防措施比真正的治疗更有效。	預防措施比真正的治療更有效。	预防措施比真正的治疗更有效。
836_1	tatoeba	336011	应该	應該	你们应该实行你们最初的计划。	你們應該實行你們最初的計劃。	你们应该实行你们最初的计划。
837_1	tatoeba	332464	这个	這個	如果没有你，这个世界很孤单。	如果沒有你，這個世界很孤單。	如果没有你，这个世界很孤单。
839_1	authored		庐山	廬山	夏天我们去庐山避暑。	夏天我們去廬山避暑。	
845_1	authored		闰年	閏年	闰年通常有三百六十六天。	閏年通常有三百六十六天。	
846_1	tatoeba	357935	闲暇	閑暇	我常常在我的闲暇时候听广播。	我常常在我的閑暇時候聽廣播。	我常常在我的闲暇时候听广播。
847_1	tatoeba	334705	时间	時間	你从来没时间处理重要的事情！	你從來沒時間處理重要的事情！	你从来没时间处理重要的事情！
848_1	tatoeba	2757133	郁闷	鬱悶	汤姆失业后，为了排遣郁闷的心情而开始了赌博。	湯姆失業後，為了排遣鬱悶的心情而開始了賭博。	湯姆失業後，為了排遣鬱悶的心情而開始了賭博。
851_1	authored		重起炉灶	重起爐竈	旧计划失败后，他们决定重起炉灶。	舊計劃失敗後，他們決定重起爐竈。	
852_1	tatoeba	1112842	灿烂	燦爛	这个世界是灿烂的吗？	這個世界是燦爛的嗎？	這個世界是燦爛的嗎？
859_1	tatoeba	13892103	沥青	瀝青	小时候，我过马路时会踩着斑马线的白漆走，想象沥青路面是不能走的。	小時候，我過馬路時會踩著斑馬線的白漆走，想象瀝青路面是不能走的。	小时候，我过马路时会踩着斑马线的白漆走，想象沥青路面是不能走的。
863_1	authored		沦为	淪為	那座工厂已经沦为废墟。	那座工廠已經淪為廢墟。	
866_1	authored		沧州	滄州	沧州以武术传统闻名。	滄州以武術傳統聞名。	
868_1	tatoeba	798201	沟通	溝通	飞行员用无线电与机场沟通。	飛行員用無線電與機場溝通。	飛行員用無線電與機場溝通。
869_1	authored		京沪	京滬	京沪铁路连接北京和上海。	京滬鐵路連線北京和上海。	
870_0	authored		沈国放	沈國放	沈国放曾担任中国外交官。	沈國放曾擔任中國外交官。	
870_1	authored		沈阳	瀋陽	沈阳是辽宁省的省会。	瀋陽是遼寧省的省會。	
873_1	tatoeba	6315385	怀疑	懷疑	你是谁？我怀疑你不是这里的。	你是誰？我懷疑你不是這裡的。	你是谁？我怀疑你不是这里的。
874_1	tatoeba	2338569	担忧	擔憂	我们对女儿的健康问题很担忧。	我們對女兒的健康問題很擔憂。	我们对女儿的健康问题很担忧。
882_1	tatoeba	512198	穷人	窮人	我不喜欢穷人，他们只想着钱。	我不喜歡窮人，他們只想著錢。	我不喜欢穷人，他们只想着钱。
885_1	tatoeba	785816	保证	保證	团结、公正和自由是幸福的保证。	團結、公正和自由是幸福的保證。	团结、公正和自由是幸福的保证。
886_1	tatoeba	13455222	启发	啓發	他们的评论很有启发性。	他們的評論很有啓發性。	他们的评论很有启发性。
887_1	tatoeba	346460	评价	評價	老板对你的工作有很高的评价。	老闆對你的工作有很高的評價。	老板对你的工作有很高的评价。
888_1	tatoeba	5267737	补充	補充	我刚才说的内容，你想补充么？	我剛才說的內容，你想補充麼？	我刚才说的内容，你想补充么？
892_1	tatoeba	136402	认识	認識	你记不记得我们认识的那一天？	你記不記得我們認識的那一天？	你记不记得我们认识的那一天？
893_1	authored		欺诈	欺詐	消费者应当警惕网络欺诈。	消費者應當警惕網路欺詐。	
894_1	tatoeba	332602	告诉	告訴	请写信告诉我你们学校的情况。	請寫信告訴我你們學校的情況。	请写信告诉我你们学校的情况。
896_1	tatoeba	1210437	诊断	診斷	诊断患有“网络成瘾症”的人差不多总是也有其他的困难。	診斷患有“網路成癮症”的人差不多總是也有其他的困難。	诊断患有“网络成瘾症”的人差不多总是也有其他的困难。
897_1	authored		词条	詞條	编辑补充了缺失的词条。	編輯補充了缺失的詞條。	
898_1	authored		翻译	翻譯	这篇文章的翻译很流畅。	這篇文章的翻譯很流暢。	
900_1	tatoeba	1014146	灵魂	靈魂	你的灵魂已经坠进地狱了。	你的靈魂已經墜進地獄了。	你的灵魂已经坠进地狱了。
902_1	tatoeba	13878375	一层	一層	这场雨使她心头蒙上了一层阴云。	這場雨使她心頭蒙上了一層陰雲。	这场雨使她心头蒙上了一层阴云。
906_1	tatoeba	1584519	迟疑	遲疑	在他答复之前，他犹豫迟疑了一下。	在他答覆之前，他猶豫遲疑了一下。	在他答复之前，他犹豫迟疑了一下。
909_1	tatoeba	1861026	主张	主張	中国主张钓鱼岛的所有权。	中國主張釣魚島的所有權。	中国主张钓鱼岛的所有权。
911_1	tatoeba	2486507	国际	國際	不好意思，我找国际航班登机楼。	不好意思，我找國際航班登機樓。	不好意思，我找国际航班登机楼。
912_1	tatoeba	2882569	大陆	大陸	非洲是一块非常大的大陆。	非洲是一塊非常大的大陸。	非洲是一块非常大的大陆。
914_1	authored		陈水扁	陳水扁	陈水扁曾任台湾地区领导人。	陳水扁曾任臺灣地區領導人。	
917_1	tatoeba	13511909	坠落	墜落	眼泪不要坠落。	眼淚不要墜落。	眼淚不要墜落。
926_1	tatoeba	8744807	使劲	使勁	啄木鸟正在使劲地啄树干。	啄木鳥正在使勁地啄樹幹。	啄木鸟正在使劲地啄树干。
928_1	tatoeba	1866580	鸡蛋	鷄蛋	这些鸡蛋坏掉了，不能拿来煎。	這些鷄蛋壞掉了，不能拿來煎。	这些鸡蛋坏掉了，不能拿来煎。
929_1	authored		北纬	北緯	台北位于北纬二十五度附近。	臺北位於北緯二十五度附近。	
930_1	tatoeba	3947643	驱逐	驅逐	许多犹太人被德国人驱逐。	許多猶太人被德國人驅逐。	許多猶太人被德國人驅逐。
931_1	tatoeba	6037679	单纯	單純	留西雅是一个很单纯的姑娘。	留西雅是一個很單純的姑娘。	留西雅是一個很單純的姑娘。
932_1	authored		棉纱	棉紗	工厂把棉纱织成布料。	工廠把棉紗織成布料。	
933_1	authored		纲领	綱領	大会通过了新的行动纲领。	大會通過了新的行動綱領。	
934_1	tatoeba	13556515	纳入	納入	中国正将阿尔及利亚纳入「一带一路」战略。	中國正將阿爾及利亞納入「一帶一路」戰略。	中國正將阿爾及利亞納入「一帶一路」戰略。
935_1	tatoeba	13876595	反驳	反駁	汤姆用一个反例反驳了那个说法。	湯姆用一個反例反駁了那個說法。	湯姆用一個反例反駁了那個說法。
936_1	tatoeba	10215680	操纵	操縱	幕后操纵者是谁？	幕後操縱者是誰？	幕后操纵者是谁？
937_1	authored		纠纷	糾紛	双方通过调解解决了纠纷。	雙方透過調解解決了糾紛。	
938_1	tatoeba	336724	报纸	報紙	在那儿看报纸的男人是我叔叔。	在那兒看報紙的男人是我叔叔。	在那儿看报纸的男人是我叔叔。
939_1	authored		纹饰	紋飾	陶器表面刻有精美纹饰。	陶器表面刻有精美紋飾。	
940_1	tatoeba	797115	纺织	紡織	苏格兰以其羊毛纺织品而著名。	蘇格蘭以其羊毛紡織品而著名。	蘇格蘭以其羊毛紡織品而著名。
941_1	tatoeba	765247	驴子	驢子	驴子对驴子抱怨他很笨。	驢子對驢子抱怨他很笨。	驢子對驢子抱怨他很笨。
942_1	tatoeba	406326	纽约	紐約	这列火车从纽约开往波士顿。	這列火車從紐約開往波士頓。	这列火车从纽约开往波士顿。
945_1	tatoeba	1413679	环境	環境	在这么嘈杂的环境中无法学习。	在這麼嘈雜的環境中無法學習。	在这么嘈杂的环境中无法学习。
948_1	tatoeba	334340	负责	負責	父母要对他们子女的安全负责。	父母要對他們子女的安全負責。	父母要对他们子女的安全负责。
949_1	tatoeba	420778	现在	現在	王兄，你现在在做什么生意了？	王兄，你現在在做什麼生意了？	王兄，你现在在做什么生意了？
951_0	tatoeba	765320	代表	代表	那么，这代表更健康的城市吗？	那麼，這代表更健康的城市嗎？	那么，这代表更健康的城市吗？
951_1	tatoeba	8744628	仪表	儀錶	汤姆把他的太阳镜留在我的车的仪表板上了。	湯姆把他的太陽鏡留在我的車的儀錶板上了。	汤姆把他的太阳镜留在我的车的仪表板上了。
952_1	tatoeba	3042328	规定	規定	一些海滩没能遵守环保规定。	一些海灘沒能遵守環保規定。	一些海滩没能遵守环保规定。
958_1	authored		拉拢	拉攏	他试图拉拢几名中立代表。	他試圖拉攏幾名中立代表。	
961_1	authored		拣选	揀選	工人仔细拣选成熟的果实。	工人仔細揀選成熟的果實。	
963_1	tatoeba	454257	担任	擔任	他在担任总统期间访问了日本。	他在擔任總統期間訪問了日本。	他在担任总统期间访问了日本。
971_1	tatoeba	1766192	头顶	頭頂	刚好有一架飞机从我头顶飞过。	剛好有一架飛機從我頭頂飛過。	刚好有一架飞机从我头顶飞过。
974_1	tatoeba	472818	拥有	擁有	企业管理不同于拥有一家企业。	企業管理不同於擁有一家企業。	企业管理不同于拥有一家企业。
977_1	tatoeba	755897	优势	優勢	主场队总是比对手有优势。	主場隊總是比對手有優勢。	主场队总是比对手有优势。
982_1	authored		拦截	攔截	守门员成功拦截了传球。	守門員成功攔截了傳球。	
985_1	authored		拧开	擰開	她拧开瓶盖喝了一口水。	她擰開瓶蓋喝了一口水。	
991_1	authored		拨乱反正	撥亂反正	新政府承诺尽快拨乱反正。	新政府承諾儘快撥亂反正。	
992_1	tatoeba	335006	选择	選擇	你可以选择红茶，咖啡或牛奶。	你可以選擇紅茶，咖啡或牛奶。	你可以选择红茶，咖啡或牛奶。
1004_1	tatoeba	476614	苹果	蘋果	不是所有的小孩子都喜欢苹果。	不是所有的小孩子都喜歡蘋果。	不是所有的小孩子都喜欢苹果。
1010_0	authored		范蠡	范蠡	范蠡是春秋末期的政治家。	范蠡是春秋末期的政治家。	
1010_1	tatoeba	1883635	范围	範圍	他试图扩大自己的势力范围。	他試圖擴大自己的勢力範圍。	他试图扩大自己的势力范围。
1014_1	tatoeba	8932461	阴茎	陰莖	别吸烟。吸烟可能缩短你的阴茎。	別吸菸。吸菸可能縮短你的陰莖。	别吸烟。吸烟可能缩短你的阴茎。
1021_1	authored		枢纽	樞紐	这座城市是重要的交通枢纽。	這座城市是重要的交通樞紐。	
1022_1	authored		掌柜	掌櫃	客栈掌柜热情地招呼客人。	客棧掌櫃熱情地招呼客人。	
1025_0	tatoeba	346460	老板	老板	老板对你的工作有很高的评价。	老板對你的工作有很高的評價。	老板对你的工作有很高的评价。
1025_1	tatoeba	346460	老板	老闆	老板对你的工作有很高的评价。	老闆對你的工作有很高的評價。	老板对你的工作有很高的评价。
1026_0	authored		武松	武松	武松是古典小说中的人物。	武松是古典小說中的人物。	
1026_1	tatoeba	522166	轻松	輕鬆	放轻松，这只是个稻草人而已。	放輕鬆，這只是個稻草人而已。	放轻松，这只是个稻草人而已。
1027_1	tatoeba	869916	步枪	步槍	班杰明用步枪射了一只熊。	班傑明用步槍射了一隻熊。	班傑明用步槍射了一隻熊。
1028_1	tatoeba	13573786	枫叶	楓葉	桌上摆放著一瓶被霜冻漂白的蕨类植物和红宝石色的枫叶。	桌上擺放著一瓶被霜凍漂白的蕨類植物和紅寶石色的楓葉。	桌上擺放著一瓶被霜凍漂白的蕨類植物和紅寶石色的楓葉。
1029_1	tatoeba	2367587	机构	機構	我一得到一大笔钱就捐一部分给慈善机构。	我一得到一大筆錢就捐一部分給慈善機構。	我一得到一大笔钱就捐一部分给慈善机构。
1034_1	tatoeba	2054131	丧失	喪失	他完全丧失了能成功的信心。	他完全喪失了能成功的信心。	他完全丧失了能成功的信心。
1036_1	tatoeba	1490534	画家	畫家	他是个画家，但他不会画国画。	他是個畫家，但他不會畫國畫。	他是个画家，但他不会画国画。
1040_1	authored		蜜枣	蜜棗	这袋蜜枣又甜又软。	這袋蜜棗又甜又軟。	
1042_1	tatoeba	420746	买卖	買賣	我天天在这里做买卖，不会让你吃亏的！	我天天在這裡做買賣，不會讓你吃虧的！	我天天在这里做买卖，不会让你吃亏的！
1043_0	tatoeba	13549587	浓郁	濃郁	充分氧化反应赋予红茶浓郁醇厚的风味和深琥珀色。	充分氧化反應賦予紅茶濃郁醇厚的風味和深琥珀色。	充分氧化反應賦予紅茶濃鬱醇厚的風味和深琥珀色。
1043_1	tatoeba	2757133	郁闷	鬱悶	汤姆失业后，为了排遣郁闷的心情而开始了赌博。	湯姆失業後，為了排遣鬱悶的心情而開始了賭博。	湯姆失業後，為了排遣鬱悶的心情而開始了賭博。
1044_1	authored		明矾	明礬	明矾过去常被用于净水。	明礬過去常被用於淨水。	
1045_1	authored		矿产	礦產	这一地区拥有丰富的矿产。	這一地區擁有豐富的礦產。	
1046_1	tatoeba	13886138	码头	碼頭	末班渡轮在晚上十点整发船，请提早抵达码头。	末班渡輪在晚上十點整發船，請提早抵達碼頭。	末班渡輪在晚上十點整發船，請提早抵達碼頭。
1047_1	tatoeba	10301340	厕所	厠所	稍等一下，我想去上一下厕所。	稍等一下，我想去上一下厠所。	稍等一下，我想去上一下廁所。
1051_1	tatoeba	529645	兴奋	興奮	你半透明的裙子让我高度兴奋。	你半透明的裙子讓我高度興奮。	你半透明的裙子让我高度兴奋。
1052_1	tatoeba	1888733	状态	狀態	我不在讨论这个问题的状态。	我不在討論這個問題的狀態。	我不在讨论这个问题的状态。
1053_1	tatoeba	7795217	欧洲	歐洲	那离欧洲有点远，你不觉得吗？	那離歐洲有點遠，你不覺得嗎？	那离欧洲有点远，你不觉得吗？
1054_1	tatoeba	13317051	殴打	毆打	我看见汤姆殴打玛丽。	我看見湯姆毆打瑪麗。	我看見湯姆毆打瑪麗。
1055_1	tatoeba	2047863	垄断	壟斷	他们垄断了原物料供应，并开天价。	他們壟斷了原物料供應，並開天價。	他們壟斷了原物料供應，並開天價。
1057_1	authored		轰炸机	轟炸機	轰炸机从机场起飞。	轟炸機從機場起飛。	
1058_1	authored		公顷	公頃	这片森林占地数千公顷。	這片森林佔地數千公頃。	
1059_1	tatoeba	13920591	转移	轉移	他试图转移大家的注意力。	他試圖轉移大家的注意力。	他试图转移大家的注意力。
1060_1	authored		斩首	斬首	将军下令对俘虏执行斩首。	將軍下令對俘虜執行斬首。	
1061_1	tatoeba	871218	一轮	一輪	再来一轮怎么样？	再來一輪怎麼樣？	再來一輪怎麼樣？
1062_1	tatoeba	9772966	软件	軟件	为什么我的翻墙软件速度很慢？	為什麼我的翻牆軟件速度很慢？	为什么我的翻墙软件速度很慢？
1068_1	tatoeba	5685903	牙齿	牙齒	我的牙齿没有我希望的那样白。	我的牙齒沒有我希望的那樣白。	我的牙齿没有我希望的那样白。
1072_1	authored		俘虏	俘虜	士兵押送俘虏回到营地。	士兵押送俘虜回到營地。	
1073_1	tatoeba	3763535	肾脏	腎臟	肾脏病患者请勿在无医生同意下服用。	腎臟病患者請勿在無醫生同意下服用。	腎臟病患者請勿在無醫生同意下服用。
1074_1	authored		魏忠贤	魏忠賢	魏忠贤是明代宦官。	魏忠賢是明代宦官。	
1081_1	tatoeba	613113	中国	中國	在中国十一月十一号是光棍节。	在中國十一月十一號是光棍節。	在中国十一月十一号是光棍节。
1086_1	tatoeba	785084	畅销	暢銷	她抓紧时间地阅读一本畅销小说。	她抓緊時間地閱讀一本暢銷小說。	她抓緊時間地閱讀一本暢銷小說。
1089_1	tatoeba	1270579	喉咙	喉嚨	我的喉咙又干又红、又痛又痒。	我的喉嚨又幹又紅、又痛又癢。	我的喉嚨又乾又紅、又痛又癢。
1100_1	authored		鸣叫	鳴叫	清晨传来鸟儿的鸣叫。	清晨傳來鳥兒的鳴叫。	
1108_1	tatoeba	405750	俄罗斯	俄羅斯	俄罗斯面临着严重的财政困难。	俄羅斯面臨著嚴重的財政困難。	俄罗斯面临着严重的财政困难。
1109_1	tatoeba	13153676	旗帜	旗幟	反叛者践踏敌人的旗帜，以示挑衅。	反叛者踐踏敵人的旗幟，以示挑釁。	反叛者踐踏敵人的旗幟，以示挑釁。
1111_1	authored		秦岭	秦嶺	秦岭横贯中国中部。	秦嶺橫貫中國中部。	
1112_1	authored		袁世凯	袁世凱	袁世凯曾任中华民国大总统。	袁世凱曾任中華民國大總統。	
1113_1	tatoeba	346477	失败	失敗	听说他失败了，我感到很惊讶。	聽說他失敗了，我感到很驚訝。	听说他失败了，我感到很惊讶。
1114_1	tatoeba	5551197	账户	賬戶	我认为你应该在这里开个账户。	我認為你應該在這裡開個賬戶。	我认为你应该在这里开个账户。
1115_1	tatoeba	811269	贩卖	販賣	她在演唱会的场地贩卖毒品。	她在演唱會的場地販賣毒品。	她在演唱会的场地贩卖毒品。
1116_1	tatoeba	1408044	贬值	貶值	随着通货膨胀的发展美元贬值了。	隨著通貨膨脹的發展美元貶值了。	随着通货膨胀的发展美元贬值了。
1117_1	tatoeba	429478	购买	購買	我当时每个月都会购买五本书。	我當時每個月都會購買五本書。	我当时每个月都会购买五本书。
1118_1	authored		贮藏	貯藏	地窖适合贮藏冬季蔬菜。	地窖適合貯藏冬季蔬菜。	
1119_1	tatoeba	1408095	图片	圖片	这张图片让我想起了我的家人。	這張圖片讓我想起了我的家人。	这张图片让我想起了我的家人。
1120_1	authored		钓鱼岛	釣魚島	钓鱼岛位于东海。	釣魚島位於東海。	
1121_0	tatoeba	1737909	制度	制度	我们想修改学校的规章制度。	我們想修改學校的規章制度。	我们想修改学校的规章制度。
1121_1	tatoeba	437302	制造	製造	他为他的迟到制造了一个借口。	他為他的遲到製造了一個藉口。	他为他的迟到制造了一个借口。
1129_0	authored		搜刮	搜刮	官吏借机搜刮百姓的钱财。	官吏藉機搜刮百姓的錢財。	
1129_1	tatoeba	1313753	刮风	颳風	今天有一点刮风。	今天有一點颳風。	今天有一点刮风。
1141_1	tatoeba	8637410	大侠	大俠	与此同时江琴分散了江枫的哥哥燕大侠的注意力。	與此同時江琴分散了江楓的哥哥燕大俠的注意力。	与此同时江琴分散了江枫的哥哥燕大侠的注意力。
1142_1	tatoeba	10042018	侥幸	僥倖	好险啊，还好侥幸逃过一劫。	好險啊，還好僥倖逃過一劫。	好险啊，还好侥幸逃过一劫。
1145_1	tatoeba	1223757	侦察	偵察	那嫌疑犯对侦察官撒了个谎。	那嫌疑犯對偵察官撒了個謊。	那嫌疑犯對偵察官撒了個謊。
1147_1	authored		两侧	兩側	道路两侧种满了梧桐树。	道路兩側種滿了梧桐樹。	
1148_1	tatoeba	2085116	凭借	憑借	那只鸟凭借自己巨大的翅膀能飞得很快。	那隻鳥憑借自己巨大的翅膀能飛得很快。	那只鸟凭借自己巨大的翅膀能飞得很快。
1149_1	authored		华侨	華僑	许多华侨仍与故乡保持联系。	許多華僑仍與故鄉保持聯絡。	
1151_1	tatoeba	6039669	货币	貨幣	在商朝，贝朋为通用货币。	在商朝，貝朋為通用貨幣。	在商朝，貝朋為通用貨幣。
1157_1	tatoeba	13952572	物质	物質	这种剧毒物质能直接穿透皮肤。	這種劇毒物質能直接穿透皮膚。	这种剧毒物质能直接穿透皮肤。
1159_0	tatoeba	464955	征服	征服	魅力冲击视觉，美德征服心灵。	魅力衝擊視覺，美德征服心靈。	魅力冲击视觉，美德征服心灵。
1159_1	tatoeba	13519149	特征	特徵	俄语动词的一个特征是存在体的范畴。	俄語動詞的一個特徵是存在體的範疇。	俄語動詞的一個特徵是存在體的範疇。
1163_1	tatoeba	333396	途径	途徑	去那个村庄的唯一途径是过河。	去那個村莊的唯一途徑是過河。	去那个村庄的唯一途径是过河。
1165_0	tatoeba	1567770	宿舍	宿舍	这间宿舍住着两个美国留学生。	這間宿舍住著兩個美國留學生。	这间宿舍住着两个美国留学生。
1165_1	tatoeba	13939326	舍不得	捨不得	他是个念旧的人，很多东西都舍不得扔掉。	他是個念舊的人，很多東西都捨不得扔掉。	他是个念旧的人，很多东西都舍不得扔掉。
1173_1	authored		寻觅	尋覓	警方正在寻觅失踪儿童。	警方正在尋覓失蹤兒童。	
1176_1	tatoeba	13917199	贪污	貪污	他仗著权势贪污舞弊，没想到东窗事发后妻离子散，真是恶有恶报。	他仗著權勢貪污舞弊，沒想到東窗事發後妻離子散，真是惡有惡報。	他仗著權勢貪污舞弊，沒想到東窗事發後妻離子散，真是惡有惡報。
1178_1	tatoeba	343698	贫困	貧困	贫困让他学会了自己解决问题。	貧困讓他學會了自己解決問題。	贫困让他学会了自己解决问题。
1180_1	tatoeba	13952572	皮肤	皮膚	这种剧毒物质能直接穿透皮肤。	這種劇毒物質能直接穿透皮膚。	这种剧毒物质能直接穿透皮肤。
1183_1	tatoeba	339440	肿瘤	腫瘤	我得了胃肿瘤，必须动手术切除。	我得了胃腫瘤，必須動手術切除。	我得了胃腫瘤，必須動手術切除。
1184_1	tatoeba	1408044	膨胀	膨脹	随着通货膨胀的发展美元贬值了。	隨著通貨膨脹的發展美元貶值了。	随着通货膨胀的发展美元贬值了。
1187_1	tatoeba	772001	肮脏	骯髒	没有肮脏的爱情, 也没有美丽的监狱。	沒有骯髒的愛情, 也沒有美麗的監獄。	沒有骯髒的愛情, 也沒有美麗的監獄。
1191_1	tatoeba	604468	威胁	威脅	空气污染将会威胁我们的生存。	空氣汙染將會威脅我們的生存。	空气污染将会威胁我们的生存。
1194_1	authored		鱼类	魚類	这片海域生活着多种鱼类。	這片海域生活著多種魚類。	
1199_1	tatoeba	1085704	狰狞	猙獰	恶魔一把抓住了我的妹妹，一边狰狞地狂笑着，一边把她丢进了一个无底洞里。	惡魔一把抓住了我的妹妹，一邊猙獰地狂笑著，一邊把她丟進了一個無底洞裡。	惡魔一把抓住了我的妹妹，一邊猙獰地狂笑着，一邊把她丟進了一個無底洞裏。
1200_1	tatoeba	334798	准备	準備	门铃响的时候，我正准备出门。	門鈴響的時候，我正準備出門。	门铃响的时候，我正准备出门。
1201_1	tatoeba	784578	装饰	裝飾	她用玫瑰花装饰了她的房间。	她用玫瑰花裝飾了她的房間。	她用玫瑰花装饰了她的房间。
1202_1	authored		饱和	飽和	空气中的水汽已经接近饱和。	空氣中的水汽已經接近飽和。	
1203_1	authored		饲养	飼養	农场饲养了几百只鸡。	農場飼養了幾百只雞。	
1204_1	tatoeba	754042	变化	變化	我们最近十年经历了很多变化。	我們最近十年經歷了很多變化。	我们最近十年经历了很多变化。
1210_1	authored		神庙	神廟	山顶上有一座古老神庙。	山頂上有一座古老神廟。	
1213_1	tatoeba	335901	疟疾	瘧疾	疟疾是蚊子携带的一种疾病。	瘧疾是蚊子攜帶的一種疾病。	疟疾是蚊子携带的一种疾病。
1216_1	tatoeba	13915683	溶剂	溶劑	将液体中的溶剂挥发掉。留下来的，是香气成分与植物蜡组成的块。	將液體中的溶劑揮發掉。留下來的，是香氣成分與植物蠟組成的塊。	將液體中的溶劑揮發掉。留下來的，是香氣成分與植物蠟組成的塊。
1220_1	tatoeba	333229	废除	廢除	死刑在美国的很多州都被废除了。	死刑在美國的很多州都被廢除了。	死刑在美国的很多州都被废除了。
1227_1	authored		闸门	閘門	工作人员缓缓升起闸门。	工作人員緩緩升起閘門。	
1228_1	tatoeba	420242	热闹	熱鬧	你们这儿生意最好，这么热闹！	你們這兒生意最好，這麼熱鬧！	你们这儿生意最好，这么热闹！
1229_1	tatoeba	420508	郑州	鄭州	从上海坐火车到郑州需几个小时？	從上海坐火車到鄭州需幾個小時？	从上海坐火车到郑州需几个小时？
1231_0	tatoeba	1977194	试卷	試卷	他仔细地查了一遍自己的试卷。	他仔細地查了一遍自己的試卷。	他仔细地查了一遍自己的试卷。
1231_1	tatoeba	13539426	卷起	捲起	汤姆卷起裤管，露出鲜红的袜子。	湯姆捲起褲管，露出鮮紅的襪子。	湯姆捲起褲管，露出鮮紅的襪子。
1232_1	tatoeba	6082450	单位	單位	你为什么会出现在我工作单位？	你為什麼會出現在我工作單位？	你为什么会出现在我工作单位？
1238_1	tatoeba	13556470	炉子	爐子	不要把脏锅碗瓢盆放在炉子上，去洗。	不要把髒鍋碗瓢盆放在爐子上，去洗。	不要把髒鍋碗瓢盆放在爐子上，去洗。
1240_1	authored		浅水	淺水	孩子们在浅水区玩耍。	孩子們在淺水區玩耍。	
1254_1	tatoeba	13589999	泥泞	泥濘	下雨天足球场变得超泥泞，鞋子一踩下去就陷进去了。	下雨天足球場變得超泥濘，鞋子一踩下去就陷進去了。	下雨天足球場變得超泥濘，鞋子一踩下去就陷進去了。
1255_1	authored		腹泻	腹瀉	这种药可能引起腹泻。	這種藥可能引起腹瀉。	
1262_1	tatoeba	13896457	活泼	活潑	活泼金属着火了要用沙土盖灭。	活潑金屬著火了要用沙土蓋滅。	活泼金属着火了要用沙土盖灭。
1263_1	authored		毛泽东	毛澤東	毛泽东出生于湖南韶山。	毛澤東出生於湖南韶山。	
1270_1	tatoeba	466311	可怜	可憐	这里附近的电话亭少得可怜。	這裡附近的電話亭少得可憐。	這裏附近的電話亭少得可憐。
1273_1	tatoeba	347097	学生	學生	他和班上的任何学生一样聪明。	他和班上的任何學生一樣聰明。	他和班上的任何学生一样聪明。
1274_1	tatoeba	13541557	宝玉	寶玉	众人见宝玉牛心，都怪他呆痴不改。	眾人見寶玉牛心，都怪他呆痴不改。	眾人見寶玉牛心，都怪他獃痴不改。
1277_1	authored		宠爱	寵愛	祖母特别宠爱最小的孙女。	祖母特別寵愛最小的孫女。	
1283_0	authored		卷帘门	捲帘門	商店拉下卷帘门后关门了。	商店拉下捲帘門後關門了。	
1283_1	tatoeba	444598	帘子	簾子	绿色的毯子和这条蓝色的帘子不配。	綠色的毯子和這條藍色的簾子不配。	绿色的毯子和这条蓝色的帘子不配。
1285_1	tatoeba	336011	实行	實行	你们应该实行你们最初的计划。	你們應該實行你們最初的計劃。	你们应该实行你们最初的计划。
1286_1	tatoeba	1300706	考试	考試	考试不及格意味着再等待一年。	考試不及格意味著再等待一年。	考试不及格意味着再等待一年。
1288_1	tatoeba	799240	诗人	詩人	他不是诗人；他是个散文作家。	他不是詩人；他是個散文作家。	他不是诗人；他是个散文作家。
1291_1	tatoeba	13531847	真诚	真誠	人们说，真正的朋友是真诚的。	人們說，真正的朋友是真誠的。	人們說，真正的朋友是真誠的。
1292_1	tatoeba	4621013	衬衫	襯衫	我要一件新衬衫。你想要什么？	我要一件新襯衫。你想要什麼？	我要一件新衬衫。你想要什么？
1294_1	tatoeba	1394974	重视	重視	所有成员都极为重视她的意见。	所有成員都極為重視她的意見。	所有成员都极为重视她的意见。
1296_1	tatoeba	334075	说话	說話	坐在我旁边的男人跟我说话了。	坐在我旁邊的男人跟我說話了。	坐在我旁边的男人跟我说话了。
1297_1	tatoeba	8686666	诞生	誕生	我们是为了死亡而诞生的。	我們是為了死亡而誕生的。	我们是为了死亡而诞生的。
1298_1	tatoeba	13573156	诡异	詭異	天黑之后，景色变得诡异阴森。	天黑之後，景色變得詭異陰森。	天黑之後，景色變得詭異陰森。
1299_1	tatoeba	747573	咨询	咨詢	好的，您想咨询什么事情？	好的，您想咨詢什麼事情？	好的，您想咨询什么事情？
1300_1	tatoeba	336011	应该	應該	你们应该实行你们最初的计划。	你們應該實行你們最初的計劃。	你们应该实行你们最初的计划。
1301_1	tatoeba	5576759	详细	詳細	航空专家详细分析了统计数据。	航空專家詳細分析了統計資料。	航空专家详细分析了统计数据。
1303_1	tatoeba	7771999	严肃	嚴肅	现在让我们谈谈严肃的事情吧！	現在讓我們談談嚴肅的事情吧！	现在让我们谈谈严肃的事情吧！
1305_1	tatoeba	796773	奴隶	奴隸	我拒绝被你像奴隶一样对待。	我拒絕被你像奴隸一樣對待。	我拒绝被你像奴隶一样对待。
1313_1	authored		须弥座	須彌座	佛像安放在雕刻精美的须弥座上。	佛像安放在雕刻精美的須彌座上。	
1313_2	tatoeba	13556502	弥漫	瀰漫	她缓缓消失在雾气弥漫的森林中。	她緩緩消失在霧氣瀰漫的森林中。	她緩緩消失在霧氣瀰漫的森林中。
1320_1	tatoeba	2030735	陕西	陝西	山西在陕西的东边。	山西在陝西的東邊。	山西在陕西的东边。
1332_1	tatoeba	358181	驾驶	駕駛	小心点驾驶，不然你就麻烦了。	小心點駕駛，不然你就麻煩了。	小心点驾驶，不然你就麻烦了。
1334_1	tatoeba	335242	参加	參加	几十个年轻人参加了示威游行。	幾十個年輕人參加了示威遊行。	几十个年轻人参加了示威游行。
1335_1	tatoeba	437299	艰难	艱難	我想把这项艰难的工作留给她。	我想把這項艱難的工作留給她。	我想把这项艰难的工作留给她。
1336_1	tatoeba	13610510	路线	路綫	在陌生地形中，它们会以气味标记路线，以免迷失。	在陌生地形中，它們會以氣味標記路綫，以免迷失。	在陌生地形中，牠們會以氣味標記路線，以免迷失。
1337_1	tatoeba	2027995	训练	訓練	未来飞行员将在模拟操作室中训练。	未來飛行員將在模擬操作室中訓練。	未来飞行员将在模拟操作室中训练。
1338_1	tatoeba	501420	组织	組織	可以用另一种方法组织一下吗？	可以用另一種方法組織一下嗎？	可以用另一种方法组织一下吗？
1339_1	tatoeba	332590	绅士	紳士	他看上去是一个十足的绅士。	他看上去是一個十足的紳士。	他看上去是一个十足的绅士。
1340_1	tatoeba	3567594	细胞	細胞	人体的组织是由细胞构成的。	人體的組織是由細胞構成的。	人体的组织是由细胞构成的。
1341_1	tatoeba	358181	驾驶	駕駛	小心点驾驶，不然你就麻烦了。	小心點駕駛，不然你就麻煩了。	小心点驾驶，不然你就麻烦了。
1342_1	tatoeba	501420	组织	組織	可以用另一种方法组织一下吗？	可以用另一種方法組織一下嗎？	可以用另一种方法组织一下吗？
1343_1	authored		马驹	馬駒	小马驹紧跟着母马奔跑。	小馬駒緊跟著母馬奔跑。	
1344_1	tatoeba	335109	终于	終於	最后，他终于明白了那个理论。	最後，他終於明白了那個理論。	最后，他终于明白了那个理论。
1345_1	authored		驻地	駐地	记者抵达了部队驻地。	記者抵達了部隊駐地。	
1346_1	tatoeba	336692	绊倒	絆倒	进家门后，我被垫子绊倒了。	進家門後，我被墊子絆倒了。	进家门后，我被垫子绊倒了。
1347_1	tatoeba	512804	骆驼	駱駝	骆驼，这么说吧，也就是沙漠中的船。	駱駝，這麼說吧，也就是沙漠中的船。	骆驼，这么说吧，也就是沙漠中的船。
1348_1	tatoeba	465029	介绍	介紹	现在我将把我的父母介绍给你。	現在我將把我的父母介紹給你。	现在我将把我的父母介绍给你。
1349_1	tatoeba	13971865	演绎	演繹	这段旋律的演绎真是完美无瑕。	這段旋律的演繹真是完美無瑕。	这段旋律的演绎真是完美无瑕。
1350_1	tatoeba	334721	已经	已經	我们联系上他们已经为时已晚。	我們聯絡上他們已經為時已晚。	我们联系上他们已经为时已晚。
1351_1	authored		贯彻	貫徹	各部门必须贯彻这项政策。	各部門必須貫徹這項政策。	
1353_1	authored		贰心	貳心	臣子若怀贰心，君主必会猜忌。	臣子若懷貳心，君主必會猜忌。	
1356_1	tatoeba	346480	帮助	幫助	地图帮助我们知道所在的位置。	地圖幫助我們知道所在的位置。	地图帮助我们知道所在的位置。
1370_1	tatoeba	1839148	项目	項目	他从大一就开始参与开源项目。	他從大一就開始參與開源項目。	他从大一就开始参与开源项目。
1374_1	authored		要挟	要挾	绑匪企图用人质要挟警方。	綁匪企圖用人質要挾警方。	
1375_1	tatoeba	3031982	阻挠	阻撓	如果上天不赐福于我，我相信它会阻挠我。	如果上天不賜福於我，我相信它會阻撓我。	如果上天不赐福于我，我相信它会阻挠我。
1378_1	authored		赵云	趙雲	赵云是三国时期的名将。	趙雲是三國時期的名將。	
1379_1	tatoeba	1561580	抵挡	抵擋	没有男人能够抵挡女人的诱惑。	沒有男人能夠抵擋女人的誘惑。	没有男人能够抵挡女人的诱惑。
1390_1	authored		铺垫	鋪墊	前面的情节为结局作了铺垫。	前面的情節為結局作了鋪墊。	
1392_1	tatoeba	5147509	拥挤	擁擠	上下班时间，公共汽车特别拥挤。	上下班時間，公共汽車特別擁擠。	上下班时间，公共汽车特别拥挤。
1396_1	tatoeba	2626332	指挥	指揮	狮子听从驯兽师的指挥。	獅子聽從馴獸師的指揮。	狮子听从驯兽师的指挥。
1405_1	tatoeba	2023775	推荐	推薦	汤姆向他们推荐了那本小说。	湯姆向他們推薦了那本小說。	汤姆向他们推荐了那本小说。
1407_1	tatoeba	478782	带来	帶來	这场革命已经带来了很多改变。	這場革命已經帶來了很多改變。	这场革命已经带来了很多改变。
1409_1	authored		蚕茧	蠶繭	工人把蚕茧送进缫丝厂。	工人把蠶繭送進繅絲廠。	
1414_1	tatoeba	4913702	动荡	動蕩	正是在危机时期能够看出中小型企业比大型企业更能稳定直面动荡。	正是在危機時期能夠看出中小型企業比大型企業更能穩定直面動蕩。	正是在危机时期能够看出中小型企业比大型企业更能稳定直面动荡。
1415_1	tatoeba	343960	荣誉	榮譽	他把这个奖视为最高荣誉。	他把這個獎視為最高榮譽。	他把这个奖视为最高荣誉。
1416_1	authored		荤腥	葷腥	她吃素，从来不碰荤腥。	她吃素，從來不碰葷腥。	
1417_1	authored		荧光	熒光	这种材料在紫外线下会发出荧光。	這種材料在紫外線下會發出熒光。	
1419_0	tatoeba	747604	胡同	胡同	胡同是一种跟中国北京有关的窄街路。	胡同是一種跟中國北京有關的窄街路。	胡同是一种跟中国北京有关的窄街路。
1419_1	tatoeba	796118	胡子	鬍子	光有胡子是不能成为哲学家的。	光有鬍子是不能成為哲學家的。	光有胡子是不能成为哲学家的。
1420_1	authored		树荫	樹蔭	老人坐在树荫下乘凉。	老人坐在樹蔭下乘涼。	
1423_1	tatoeba	10699373	药物	藥物	将你需要的药物写在这张纸上。	將你需要的藥物寫在這張紙上。	将你需要的药物写在这张纸上。
1424_1	tatoeba	669025	目标	目標	他解释了这个计划的主要目标。	他解釋了這個計劃的主要目標。	他解释了这个计划的主要目标。
1425_1	authored		客栈	客棧	旅人在山脚的客栈住了一晚。	旅人在山腳的客棧住了一晚。	
1429_1	authored		栋梁	棟梁	青年将成为国家的栋梁。	青年將成為國家的棟梁。	
1437_1	tatoeba	13914277	栏杆	欄杆	栏杆上晾著几件刚洗好的衣服。	欄杆上晾著幾件剛洗好的衣服。	欄杆上晾著幾件剛洗好的衣服。
1438_1	tatoeba	420774	柠檬	檸檬	你要喝什么茶？泡壶柠檬红茶好吧？	你要喝什麼茶？泡壺檸檬紅茶好吧？	你要喝什么茶？泡壶柠檬红茶好吧？
1439_1	tatoeba	5900381	树立	樹立	你应该给你的孩子们树立好榜样。	你應該給你的孩子們樹立好榜樣。	你应该给你的孩子们树立好榜样。
1443_0	authored		咸宁	咸寧	我们周末去咸宁泡温泉。	我們週末去咸寧泡溫泉。	
1443_1	authored		咸蛋	鹹蛋	早餐配白粥和咸蛋。	早餐配白粥和鹹蛋。	
1447_1	tatoeba	13753072	砖头	磚頭	一阵寒意像砖头一样击中了我。	一陣寒意像磚頭一樣擊中了我。	一陣寒意像磚頭一樣擊中了我。
1453_1	authored		笔砚	筆硯	书桌上摆着笔砚。	書桌上擺著筆硯。	
1455_0	tatoeba	335402	方面	方面	我发现了他在化学方面的天赋。	我發現了他在化學方面的天賦。	我发现了他在化学方面的天赋。
1455_1	tatoeba	13983727	面条	麵條	这些长得像面条一样的文字是什么？	這些長得像麵條一樣的文字是什麼？	这些长得像面条一样的文字是什么？
1458_1	authored		牵引	牽引	机车负责牵引后面的车厢。	機車負責牽引後面的車廂。	
1459_1	tatoeba	13155919	海鸥	海鷗	海鸦与海鸥栖息在同一地区。	海鴉與海鷗棲息在同一地區。	海鴉與海鷗棲息在同一地區。
1460_1	tatoeba	2054116	残酷	殘酷	我不忍目睹这种残酷的行径。	我不忍目睹這種殘酷的行徑。	我不忍目睹这种残酷的行径。
1462_1	authored		中轴线	中軸線	宫殿沿着中轴线排列。	宮殿沿著中軸線排列。	
1463_1	tatoeba	334228	年轻	年輕	我爸爸年轻的时候一定很英俊。	我爸爸年輕的時候一定很英俊。	我爸爸年轻的时候一定很英俊。
1464_1	tatoeba	704189	鸦片	鴉片	宗教是人民的鸦片。	宗教是人民的鴉片。	宗教是人民的鸦片。
1468_1	tatoeba	462003	战争	戰爭	我从来没有相信过战争是好的。	我從來沒有相信過戰爭是好的。	我从来没有相信过战争是好的。
1469_1	tatoeba	334900	一点	一點	这个犯罪和我一点关系都没有。	這個犯罪和我一點關係都沒有。	这个犯罪和我一点关系都没有。
1471_1	tatoeba	3709297	临时	臨時	事先打个招呼，别叫我临时抓瞎。	事先打個招呼，別叫我臨時抓瞎。	事先打个招呼，别叫我临时抓瞎。
1472_1	authored		概览	概覽	报告开头提供了项目概览。	報告開頭提供了專案概覽。	
1473_1	tatoeba	881759	竖起	竪起	我竖起了耳朵听。	我竪起了耳朵聽。	我豎起了耳朵聽。
1476_1	tatoeba	782245	尝试	嘗試	如果你尝试的话，你会成功的。	如果你嘗試的話，你會成功的。	如果你尝试的话，你会成功的。
1484_1	tatoeba	13950557	哑巴	啞巴	王强像个哑巴一样坐在那，一句话也不说。	王強像個啞巴一樣坐在那，一句話也不說。	王强像个哑巴一样坐在那，一句话也不说。
1485_1	tatoeba	791512	明显	明顯	我妹妹的英语有了明显的进步。	我妹妹的英語有了明顯的進步。	我妹妹的英语有了明显的进步。
1495_1	tatoeba	1970428	贵族	貴族	汉宣帝时，匈奴贵族争夺权力。	漢宣帝時，匈奴貴族爭奪權力。	汉宣帝时，匈奴贵族争夺权力。
1498_1	authored		虾子	蝦子	市场上出售新鲜虾子。	市場上出售新鮮蝦子。	
1499_1	tatoeba	1167166	蚂蚁	螞蟻	有一排蚂蚁在厨房里进进出出。	有一排螞蟻在廚房裡進進出出。	有一排蚂蚁在厨房里进进出出。
1501_1	tatoeba	1167166	蚂蚁	螞蟻	有一排蚂蚁在厨房里进进出出。	有一排螞蟻在廚房裡進進出出。	有一排蚂蚁在厨房里进进出出。
1502_1	tatoeba	420712	虽然	雖然	虽然时髦一点，但是价钱太大！	雖然時髦一點，但是價錢太大！	虽然时髦一点，但是价钱太大！
1505_1	tatoeba	419956	骂人	駡人	你为什么要骂人家？	你為什麼要駡人家？	你为什么要骂人家？
1506_1	tatoeba	13539910	勋章	勛章	这名士兵被授予紫心勋章。	這名士兵被授予紫心勛章。	這名士兵被授予紫心勳章。
1507_1	tatoeba	353608	喧哗	喧嘩	请安静，在剧院中禁止喧哗。	請安靜，在劇院中禁止喧嘩。	请安静，在剧院中禁止喧哗。
1509_1	tatoeba	1577372	影响	影響	车辆增多会影响到城市的环境。	車輛增多會影響到城市的環境。	车辆增多会影响到城市的环境。
1516_1	authored		啊哟	啊喲	啊哟，我把钥匙忘在家里了！	啊喲，我把鑰匙忘在家裡了！	
1518_1	authored		三峡	三峽	长江三峡景色壮丽。	長江三峽景色壯麗。	
1519_1	tatoeba	351043	处罚	處罰	你一错再错，当然会被处罚。	你一錯再錯，當然會被處罰。	你一錯再錯，當然會被處罰。
1520_1	authored		贱人	賤人	他愤怒地骂对方是贱人。	他憤怒地罵對方是賤人。	
1521_1	authored		津贴	津貼	公司每月发放交通津贴。	公司每月發放交通津貼。	
1522_1	authored		贻误	貽誤	拖延可能贻误最佳治疗时机。	拖延可能貽誤最佳治療時機。	
1525_1	authored		钙质	鈣質	牛奶含有丰富的钙质。	牛奶含有豐富的鈣質。	
1526_1	tatoeba	1661530	迟钝	遲鈍	大雄是只迟钝龟。	大雄是隻遲鈍龜。	大雄是隻遲鈍龜。
1527_1	tatoeba	8935386	钞票	鈔票	我经常用信用卡，而不是钞票。	我經常用信用卡，而不是鈔票。	我经常用信用卡，而不是钞票。
1528_1	authored		钟祥市	鍾祥市	钟祥市位于湖北省中部。	鍾祥市位於湖北省中部。	
1528_2	tatoeba	345943	分钟	分鐘	走了几分钟后，我们到了公园。	走了幾分鐘後，我們到了公園。	走了几分钟后，我们到了公园。
1529_1	tatoeba	4844805	钢铁	鋼鐵	那里有许多雏菊围绕着钢铁大厦。	那裡有許多雛菊圍繞著鋼鐵大廈。	那里有许多雏菊围绕着钢铁大厦。
1530_1	authored		氢氧化钠	氫氧化鈉	氢氧化钠具有强腐蚀性。	氫氧化鈉具有強腐蝕性。	
1531_1	tatoeba	678960	钥匙	鑰匙	我不记得我把钥匙放在哪儿了。	我不記得我把鑰匙放在哪兒了。	我不记得我把钥匙放在哪儿了。
1532_1	authored		钦差	欽差	朝廷派钦差前往当地调查。	朝廷派欽差前往當地調查。	
1533_1	authored		千钧一发	千鈞一髮	消防员在千钧一发之际救出了孩子。	消防員在千鈞一髮之際救出了孩子。	
1534_1	authored		铁钩	鐵鈎	渔夫用铁钩拉起渔网。	漁夫用鐵鈎拉起漁網。	
1535_1	tatoeba	1335406	按钮	按鈕	你要做的就是按这个按钮拍照。	你要做的就是按這個按鈕拍照。	你要做的就是按这个按钮拍照。
1541_1	authored		毛毡	毛氈	工匠把羊毛压成毛毡。	工匠把羊毛壓成毛氈。	
1542_1	authored		氢气	氫氣	氢气是一种很轻的气体。	氫氣是一種很輕的氣體。	
1545_1	tatoeba	774709	选举	選舉	民主主义是多数选举的独裁。	民主主義是多數選舉的獨裁。	民主主义是多数选举的独裁。
1546_1	tatoeba	334396	适应	適應	我们的眼睛需要时间来适应黑暗。	我們的眼睛需要時間來適應黑暗。	我们的眼睛需要时间来适应黑暗。
1549_0	authored		种师道	种師道	种师道是北宋末年的将领。	种師道是北宋末年的將領。	
1549_1	tatoeba	332596	这种	這種	这种秘密总有一天会被揭露的。	這種秘密總有一天會被揭露的。	这种秘密总有一天会被揭露的。
1550_0	authored		春秋	春秋	春秋时期出现了许多思想家。	春秋時期出現了許多思想家。	
1550_1	authored		秋千	鞦韆	孩子们在院子里荡秋千。	孩子們在院子裡蕩鞦韆。	
1553_1	tatoeba	375389	恢复	恢復	暴风雨后，大海恢复了平静。	暴風雨後，大海恢復了平靜。	暴风雨后，大海恢复了平静。
1553_2	tatoeba	2367543	复杂	複雜	事情总比我们想的要复杂得多。	事情總比我們想的要複雜得多。	事情总比我们想的要复杂得多。
1557_1	authored		咱俩	咱倆	咱俩坐下来慢慢谈。	咱倆坐下來慢慢談。	
1558_1	tatoeba	332651	贷款	貸款	银行对风险客户收取较高的贷款利息。	銀行對風險客戶收取較高的貸款利息。	银行对风险客户收取较高的贷款利息。
1559_1	tatoeba	362628	顺利	順利	他好像做甚么事也顺顺利利的。	他好像做甚麼事也順順利利的。	他好像做甚麼事也順順利利的。
1567_1	authored		俭朴	儉朴	他始终保持俭朴的生活作风。	他始終保持儉朴的生活作風。	
1585_1	tatoeba	332952	必须	必須	这个月底前，我们必须交报告。	這個月底前，我們必須交報告。	这个月底前，我们必须交报告。
1585_2	tatoeba	828676	胡须	鬍鬚	光有胡须不能造就一位哲学家。	光有鬍鬚不能造就一位哲學家。	光有鬍鬚不能造就一位哲學家。
1587_1	tatoeba	11545754	剑法	劍法	三千六百个剑法，你却学贱。	三千六百個劍法，你卻學賤。	三千六百个剑法，你却学贱。
1592_1	authored		朦胧	朦朧	远处的山影显得十分朦胧。	遠處的山影顯得十分朦朧。	
1593_1	tatoeba	335317	大胆	大膽	我对你的大胆感到很惊讶。	我對你的大膽感到很驚訝。	我对你的大胆感到很惊讶。
1594_1	tatoeba	9842643	胜利	勝利	脱贫攻坚工作取得决定性胜利。	脫貧攻堅工作取得決定性勝利。	脱贫攻坚工作取得决定性胜利。
1600_1	tatoeba	3625821	狭窄	狹窄	他在一条狭窄的道路上走。	他在一條狹窄的道路上走。	他在一条狭窄的道路上走。
1601_1	tatoeba	335493	狮子	獅子	狮子为了得到食物相互争斗。	獅子為了得到食物相互爭鬥。	狮子为了得到食物相互争斗。
1602_1	tatoeba	2448765	独立	獨立	他生活独立，不依靠他的父母。	他生活獨立，不依靠他的父母。	他生活独立，不依靠他的父母。
1605_1	tatoeba	842236	监狱	監獄	酒醉者醒来时处于监狱里了。	酒醉者醒來時處於監獄裡了。	酒醉者醒来时处于监狱里了。
1607_1	tatoeba	512435	贸易	貿易	日本和好几个海外国家做贸易。	日本和好幾個海外國家做貿易。	日本和好几个海外国家做贸易。
1610_1	tatoeba	13511765	诱饵	誘餌	用这个当诱饵啊？	用這個當誘餌啊？	用這個當誘餌啊？
1611_1	authored		富饶	富饒	这片土地富饶而美丽。	這片土地富饒而美麗。	
1612_1	authored		侵蚀	侵蝕	海浪不断侵蚀岸边的岩石。	海浪不斷侵蝕岸邊的岩石。	
1613_1	tatoeba	756987	饺子	餃子	饺子是年夜饭桌上必不可少的。	餃子是年夜飯桌上必不可少的。	饺子是年夜饭桌上必不可少的。
1614_1	authored		烧饼	燒餅	我在路边买了两个烧饼。	我在路邊買了兩個燒餅。	
1615_1	authored		山峦	山巒	层层山峦消失在云雾中。	層層山巒消失在雲霧中。	
1616_1	tatoeba	5685867	弯曲	彎曲	爱因斯坦预测太阳的引力会弯曲光线。	愛因斯坦預測太陽的引力會彎曲光線。	爱因斯坦预测太阳的引力会弯曲光线。
1617_1	tatoeba	711089	将军	將軍	将军下令杀死了所有的战俘。	將軍下令殺死了所有的戰俘。	将军下令杀死了所有的战俘。
1618_1	tatoeba	1883541	奖励	奬勵	他被奖励了一块金表。	他被奬勵了一塊金錶。	他被奖励了一块金表。
1625_1	authored		痔疮	痔瘡	久坐可能增加患痔疮的风险。	久坐可能增加患痔瘡的風險。	
1626_1	tatoeba	719067	疯狂	瘋狂	无色的绿色的观念疯狂地睡觉。	無色的綠色的觀念瘋狂地睡覺。	无色的绿色的观念疯狂地睡觉。
1631_1	tatoeba	346834	父亲	父親	在他父亲死后，他接管了公司。	在他父親死後，他接管了公司。	在他父亲死后，他接管了公司。
1635_1	tatoeba	11241247	闺女	閨女	好久没见到我家闺女了。	好久沒見到我家閨女了。	好久没见到我家闺女了。
1636_1	tatoeba	11837197	新闻	新聞	报纸上有很多有趣的新闻和故事。	報紙上有很多有趣的新聞和故事。	报纸上有很多有趣的新闻和故事。
1637_1	authored		闽江	閩江	闽江流经福建省。	閩江流經福建省。	
1638_1	authored		军阀	軍閥	军阀混战给百姓带来灾难。	軍閥混戰給百姓帶來災難。	
1639_1	tatoeba	6142255	内阁	內閣	行政权与立法权融合于内阁，施政有效率。	行政權與立法權融合於內閣，施政有效率。	行政權與立法權融合於內閣，施政有效率。
1641_1	tatoeba	13893752	培养	培養	平静的海面培养不出优秀的水手。	平靜的海面培養不出優秀的水手。	平静的海面培养不出优秀的水手。
1643_0	authored		姜太公	姜太公	姜太公是中国传说中的人物。	姜太公是中國傳說中的人物。	
1643_1	authored		生姜	生薑	汤里放了一片生姜。	湯裡放了一片生薑。	
1646_1	tatoeba	333857	人类	人類	那是人类第一次在月球上行走。	那是人類第一次在月球上行走。	那是人类第一次在月球上行走。
1649_1	authored		娄底	婁底	娄底位于湖南省中部。	婁底位於湖南省中部。	
1654_1	tatoeba	830358	总理	總理	总理的发言估计激怒了在野党。	總理的發言估計激怒了在野黨。	總理的發言估計激怒了在野黨。
1655_1	authored		修炼	修煉	他每天清晨在山中修炼。	他每天清晨在山中修煉。	
1657_1	tatoeba	343925	闪烁	閃爍	她的眼睛闪烁着喜悦的光芒。	她的眼睛閃爍著喜悅的光芒。	她的眼睛闪烁着喜悦的光芒。
1660_1	tatoeba	1112842	灿烂	燦爛	这个世界是灿烂的吗？	這個世界是燦爛的嗎？	這個世界是燦爛的嗎？
1662_1	authored		洼地	窪地	雨水汇集在低洼地带。	雨水彙集在低窪地帶。	
1663_1	tatoeba	420688	清洁	清潔	一个长长个湖泊里，水多么清洁！	一個長長個湖泊裡，水多麼清潔！	一个长长个湖泊里，水多么清洁！
1665_1	tatoeba	501317	潇洒	瀟灑	我不想变得悲惨，我想要潇洒!!	我不想變得悲慘，我想要瀟灑!!	我不想变得悲惨，我想要潇洒!!
1667_1	authored		浇注	澆注	工人把混凝土浇注进模具。	工人把混凝土澆注進模具。	
1668_1	authored		浑浊	渾濁	大雨过后，河水变得浑浊。	大雨過後，河水變得渾濁。	
1670_1	tatoeba	10160409	测量	測量	我们测量了这条河的深度。	我們測量了這條河的深度。	我们测量了这条河的深度。
1677_1	tatoeba	948006	浏览	瀏覽	你最喜欢哪一个网络浏览器？	你最喜歡哪一個網路瀏覽器？	你最喜欢哪一个网络浏览器？
1678_1	tatoeba	805170	经济	經濟	金融危机打击了所有经济行业。	金融危機打擊了所有經濟行業。	金融危机打击了所有经济行业。
1681_1	tatoeba	410562	浑身	渾身	那个学生被老师盯著看，觉得浑身不自在。	那個學生被老師盯著看，覺得渾身不自在。	那個學生被老師盯著看，覺得渾身不自在。
1682_1	tatoeba	421242	浓厚	濃厚	“卖相”、“讲斤头”、“勿是生意经”、“耳朵打八折”等，都有浓厚的商业气息。	“賣相”、“講斤頭”、“勿是生意經”、“耳朵打八折”等，都有濃厚的商業氣息。	“卖相”、“讲斤头”、“勿是生意经”、“耳朵打八折”等，都有浓厚的商业气息。
1691_1	tatoeba	848252	烦恼	煩惱	慈悲没有敌人，智慧不起烦恼。	慈悲沒有敵人，智慧不起煩惱。	慈悲沒有敵人，智慧不起煩惱。
1693_1	tatoeba	334993	举行	舉行	每隔四年，奥运会举行一次。	每隔四年，奧運會舉行一次。	每隔四年，奥运会举行一次。
1694_1	tatoeba	332465	觉得	覺得	我觉得这个网站的构思非常好。	我覺得這個網站的構思非常好。	我觉得这个网站的构思非常好。
1699_1	tatoeba	397099	宪法	憲法	平等是由宪法保障的。	平等是由憲法保障的。	平等是由宪法保障的。
1702_1	tatoeba	333311	盗窃	盜竊	我们走开的时候，房子被盗窃了。	我們走開的時候，房子被盜竊了。	我们走开的时候，房子被盗窃了。
1704_1	tatoeba	10481692	告诫	告誡	汤姆不懂告诫和威胁的区别。	湯姆不懂告誡和威脅的區別。	湯姆不懂告誡和威脅的區別。
1706_1	tatoeba	4759986	诬陷	誣陷	他被妻子诬陷了。	他被妻子誣陷了。	他被妻子诬陷了。
1707_1	tatoeba	333343	语言	語言	人们相信鲸有他们自己的语言。	人們相信鯨有他們自己的語言。	人们相信鲸有他们自己的语言。
1714_1	tatoeba	502845	错误	錯誤	所有意见是真相和错误的综合。	所有意見是真相和錯誤的綜合。	所有意见是真相和错误的综合。
1715_1	tatoeba	1561580	诱惑	誘惑	没有男人能够抵挡女人的诱惑。	沒有男人能夠抵擋女人的誘惑。	没有男人能够抵挡女人的诱惑。
1716_1	tatoeba	10023044	教诲	教誨	这个男孩不听取父亲的教诲。	這個男孩不聽取父親的教誨。	这个男孩不听取父亲的教诲。
1717_1	authored		那还用说	那還用説	那还用说，我当然愿意帮忙。	那還用説，我當然願意幫忙。	
1718_1	tatoeba	867947	背诵	背誦	他的女儿能背诵很多诗。	他的女兒能背誦很多詩。	他的女儿能背诵很多诗。
1719_1	authored		开垦	開墾	农民开始开垦山下的荒地。	農民開始開墾山下的荒地。	
1723_1	tatoeba	9989857	昼夜	晝夜	这段时间昼夜温差很大。	這段時間晝夜溫差很大。	这段时间昼夜温差很大。
1726_1	tatoeba	13942504	消费	消費	今天你们的消费都算我头上。	今天你們的消費都算我頭上。	今天你们的消费都算我头上。
1728_1	authored		约翰逊	約翰遜	约翰逊在记者会上回答了问题。	約翰遜在記者會上回答了問題。	
1731_1	authored		陨石	隕石	科学家在沙漠中发现了一块陨石。	科學家在沙漠中發現了一塊隕石。	
1733_1	tatoeba	375373	风险	風險	信用卡很有用，但也有风险。	信用卡很有用，但也有風險。	信用卡很有用，但也有风险。
1739_1	authored		娇嫩	嬌嫩	幼苗十分娇嫩，需要小心照料。	幼苗十分嬌嫩，需要小心照料。	
1744_1	tatoeba	809728	祝贺	祝賀	衷心祝贺你的生日，穆里尔！	衷心祝賀你的生日，穆里爾！	衷心祝賀你的生日，穆里爾！
1751_1	authored		堡垒	堡壘	士兵坚守山顶的堡垒。	士兵堅守山頂的堡壘。	
1752_1	tatoeba	6159421	捆绑	捆綁	他的双脚被交叉捆绑著。	他的雙腳被交叉捆綁著。	他的雙腳被交叉捆綁著。
1753_1	tatoeba	11841639	绒毛	絨毛	那个玩具绒毛摸起来很柔软，让人感到舒适。	那個玩具絨毛摸起來很柔軟，讓人感到舒適。	那個玩具絨毛摸起來很柔軟，讓人感到舒適。
1754_1	tatoeba	10367894	结构	結構	该小句认知结构中有几个认知核？	該小句認知結構中有幾個認知核？	该小句认知结构中有几个认知核？
1755_1	tatoeba	816820	围绕	圍繞	我被各国语言及文字的爱好者所围绕。	我被各國語言及文字的愛好者所圍繞。	我被各國語言及文字的愛好者所圍繞。
1756_1	tatoeba	463878	骄傲	驕傲	他很难掩饰对自己成功的骄傲。	他很難掩飾對自己成功的驕傲。	他很难掩饰对自己成功的骄傲。
1757_1	tatoeba	3035555	绘画	繪畫	汤姆从他的绘画本上撕下了一页。	湯姆從他的繪畫本上撕下了一頁。	汤姆从他的绘画本上撕下了一页。
1758_1	tatoeba	1185701	给予	給予	上帝有所给予，上帝有所索取。	上帝有所給予，上帝有所索取。	上帝有所给予，上帝有所索取。
1759_1	tatoeba	6017329	绚丽	絢麗	新剧院看上去很绚丽。	新劇院看上去很絢麗。	新劇院看上去很絢麗。
1760_1	tatoeba	512804	骆驼	駱駝	骆驼，这么说吧，也就是沙漠中的船。	駱駝，這麼說吧，也就是沙漠中的船。	骆驼，这么说吧，也就是沙漠中的船。
1761_1	tatoeba	13976082	网络	網絡	他通过开直播来结交网络朋友。	他透過開直播來結交網絡朋友。	他通过开直播来结交网络朋友。
1762_1	tatoeba	799269	绝对	絶對	生活中绝对没有什么是持久的。	生活中絶對沒有什麼是持久的。	生活中绝对没有什么是持久的。
1763_1	authored		绞盘	絞盤	水手转动绞盘收起缆绳。	水手轉動絞盤收起纜繩。	
1764_1	authored		骇然	駭然	众人听到这个消息都骇然失色。	眾人聽到這個訊息都駭然失色。	
1765_1	tatoeba	2482668	系统	系統	这个系统究竟发生了什么故障？	這個系統究竟發生了什麼故障？	这个系统究竟发生了什么故障？
1770_1	tatoeba	10265813	鲜艳	鮮艷	那些快乐的日子里充满了鲜艳的色彩。	那些快樂的日子裡充滿了鮮艷的色彩。	那些快乐的日子里充满了鲜艳的色彩。
1777_1	authored		蚕豆	蠶豆	晚餐有一盘炒蚕豆。	晚餐有一盤炒蠶豆。	
1778_1	tatoeba	1565683	顽强	頑強	尽管受到暴君的迫害，英雄还顽强地斗争。	儘管受到暴君的迫害，英雄還頑強地鬥爭。	尽管受到暴君的迫害，英雄还顽强地斗争。
1779_1	authored		灯盏	燈盞	桌上点着一盏小灯盏。	桌上點著一盞小燈盞。	
1787_1	authored		记载	記載	史书详细记载了这场战役。	史書詳細記載了這場戰役。	
1788_1	tatoeba	1779299	赶快	趕快	赶快点，否则要错过公共汽车了。	趕快點，否則要錯過公共汽車了。	赶快点，否则要错过公共汽车了。
1790_1	tatoeba	6106192	食盐	食鹽	我爱你如同新鲜的肉爱食盐。	我愛你如同新鮮的肉愛食鹽。	我爱你如同新鲜的肉爱食盐。
1798_1	tatoeba	794022	损失	損失	他们的损失到达了一百万日圆。	他們的損失到達了一百萬日圓。	他們的損失到達了一百萬日圓。
1804_1	authored		捡拾	撿拾	志愿者在海滩捡拾垃圾。	志願者在海灘撿拾垃圾。	
1808_1	tatoeba	13832482	真挚	真摯	他的一句问候让我感受到了真挚的关怀。	他的一句問候讓我感受到了真摯的關懷。	他的一句問候讓我感受到了真摯的關懷。
1809_1	tatoeba	784989	热情	熱情	乔治对自己的新工作充满热情。	喬治對自己的新工作充滿熱情。	乔治对自己的新工作充满热情。
1811_1	authored		捣乱	搗亂	别在别人工作时故意捣乱。	別在別人工作時故意搗亂。	
1812_1	authored		酒壶	酒壺	他提着酒壶走进亭子。	他提著酒壺走進亭子。	
1819_1	authored		聂卫平	聶衛平	聂卫平是著名的围棋棋手。	聶衛平是著名的圍棋棋手。	
1822_1	authored		莱比锡	萊比錫	莱比锡位于德国东部。	萊比錫位於德國東部。	
1823_1	authored		莲子	蓮子	母亲用莲子煮了一锅甜汤。	母親用蓮子煮了一鍋甜湯。	
1827_1	tatoeba	788563	获得	獲得	我们从这座水库获得水和电力。	我們從這座水庫獲得水和電力。	我们从这座水库获得水和电力。
1827_2	tatoeba	13922057	收获	收穫	丰收节：收获团结，欢庆和谐。	豐收節：收穫團結，歡慶和諧。	丰收节：收获团结，欢庆和谐。
1829_1	tatoeba	381119	恶劣	惡劣	由于天气恶劣，飞机延误了。	由於天氣惡劣，飛機延誤了。	由于天气恶劣，飞机延误了。
1829_2	tatoeba	420950	恶心	噁心	有点恶心，但是吐不出来。	有點噁心，但是吐不出來。	有点恶心，但是吐不出来。
1830_1	tatoeba	13532734	晶莹	晶瑩	皮蛋切开后晶莹剔透，散发著独特的香气。	皮蛋切開後晶瑩剔透，散發著獨特的香氣。	皮蛋切開後晶瑩剔透，散發著獨特的香氣。
1831_1	authored		黄莺	黃鶯	黄莺在枝头婉转歌唱。	黃鶯在枝頭婉轉歌唱。	
1838_1	tatoeba	10752790	档案	檔案	我给自己的邮件做了一份档案。	我給自己的郵件做了一份檔案。	我给自己的邮件做了一份档案。
1841_1	authored		大桥	大橋	一座大桥横跨江面。	一座大橋橫跨江面。	
1842_1	tatoeba	10752795	桦树	樺樹	桦树有白树皮。	樺樹有白樹皮。	桦树有白树皮。
1846_1	authored		木桩	木樁	工人把木桩打入河床。	工人把木樁打入河床。	
1849_1	tatoeba	1064561	这样	這樣	这样之后我就有空和你聊天了。	這樣之後我就有空和你聊天了。	这样之后我就有空和你聊天了。
1856_1	authored		商贾	商賈	古代商贾沿着丝绸之路往来。	古代商賈沿著絲綢之路往來。	
1865_1	authored		砾石	礫石	小路上铺满了砾石。	小路上鋪滿了礫石。	
1866_1	tatoeba	4266656	基础	基礎	这位研究生有坚实的数学基础。	這位研究生有堅實的數學基礎。	这位研究生有坚实的数学基础。
1874_1	tatoeba	452634	照顾	照顧	爸爸死后，他就开始照顾妈妈。	爸爸死後，他就開始照顧媽媽。	爸爸死后，他就开始照顾妈妈。
1875_1	authored		轿子	轎子	古时候，人们常乘轿子出行。	古時候，人們常乘轎子出行。	
1876_1	tatoeba	343736	比较	比較	所有学科中，我比较喜欢英语。	所有學科中，我比較喜歡英語。	所有学科中，我比较喜欢英语。
1877_1	tatoeba	13915698	顿时	頓時	我看到成绩后，顿时大吃一惊。	我看到成績後，頓時大吃一驚。	我看到成績後，頓時大吃一驚。
1878_1	authored		毙命	斃命	那名伤者最终因伤毙命。	那名傷者最終因傷斃命。	
1879_0	tatoeba	816518	导致	導致	在光滑的路上开车会导致车祸。	在光滑的路上開車會導致車禍。	在光滑的路上开车会导致车祸。
1879_1	tatoeba	1426551	细致	細緻	这两张图片之间有细致的差异。	這兩張圖片之間有細緻的差異。	这两张图片之间有细致的差异。
1882_1	tatoeba	334709	考虑	考慮	你不能指望我一切都考虑周到！	你不能指望我一切都考慮周到！	你不能指望我一切都考虑周到！
1883_1	authored		监督	監督	监理负责监督工程质量。	監理負責監督工程質量。	
1884_1	tatoeba	409455	紧张	緊張	飞机起飞的时候紧张很正常。	飛機起飛的時候緊張很正常。	飞机起飞的时候紧张很正常。
1885_0	authored		党项	党項	党项人曾建立西夏政权。	党項人曾建立西夏政權。	
1885_1	authored		国民党	國民黨	国民党在台湾拥有多个地方组织。	國民黨在臺灣擁有多個地方組織。	
1887_1	authored		晒太阳	曬太陽	小猫趴在窗边晒太阳。	小貓趴在窗邊曬太陽。	
1889_1	tatoeba	10324243	晓得	曉得	他晓得你做了什么吗？	他曉得你做了什麼嗎？	他曉得你做了什麼嗎？
1891_1	tatoeba	13528150	唠叨	嘮叨	俺家那口子又在屋里唠叨呢。	俺家那口子又在屋裡嘮叨呢。	俺家那口子又在屋裡嘮叨呢。
1892_1	tatoeba	11509590	鸭子	鴨子	我是一只鸭子。我说英语。	我是一隻鴨子。我說英語。	我是一只鸭子。我说英语。
1897_1	tatoeba	784821	头晕	頭暈	我一站起来就觉得头晕。	我一站起來就覺得頭暈。	我一站起来就觉得头晕。
1910_1	authored		鸳鸯	鴛鴦	池塘里游着一对鸳鸯。	池塘裡遊著一對鴛鴦。	
1918_1	tatoeba	7012165	罢了	罷了	你还以为我作罢了，不是吗？	你還以為我作罷了，不是嗎？	你还以为我作罢了，不是吗？
1922_1	tatoeba	13970682	圆形	圓形	画一个圆形。	畫一個圓形。	画一个圆形。
1924_1	authored		卖国贼	賣國賊	小说中的卖国贼最终受到了惩罚。	小說中的賣國賊最終受到了懲罰。	
1925_1	tatoeba	431520	贿赂	賄賂	市长否认收受了贿赂。	市長否認收受了賄賂。	市长否认收受了贿赂。
1926_1	tatoeba	431520	贿赂	賄賂	市长否认收受了贿赂。	市長否認收受了賄賂。	市长否认收受了贿赂。
1927_1	authored		分赃	分贜	几名罪犯因分赃不均而争吵。	幾名罪犯因分贜不均而爭吵。	
1928_1	tatoeba	353873	金钱	金錢	金钱可以买一切的想法是错误的。	金錢可以買一切的想法是錯誤的。	金钱可以买一切的想法是错误的。
1929_1	authored		钳制	鉗制	严格的规定钳制了市场活力。	嚴格的規定鉗制了市場活力。	
1930_1	authored		钻进	鑽進	小狗钻进桌子下面躲雨。	小狗鑽進桌子下面躲雨。	
1932_1	tatoeba	1314226	铁路	鐵路	他在一次铁路事故中受了伤。	他在一次鐵路事故中受了傷。	他在一次铁路事故中受了伤。
1933_1	tatoeba	8588265	马铃薯	馬鈴薯	马铃薯是土豆，西红柿是番茄。	馬鈴薯是土豆，西紅柿是番茄。	马铃薯是土豆，西红柿是番茄。
1934_1	tatoeba	808253	铅笔	鉛筆	如果你需要铅笔，我借你一支。	如果你需要鉛筆，我借你一支。	如果你需要铅笔，我借你一支。
1939_1	tatoeba	812366	牺牲	犧牲	为了救许多人牺牲一个人是否道德？	為了救許多人犧牲一個人是否道德？	为了救许多人牺牲一个人是否道德？
1942_1	tatoeba	1781986	敌人	敵人	在我们的周围没有敌人的迹象。	在我們的周圍沒有敵人的跡象。	在我们的周围没有敌人的迹象。
1945_1	tatoeba	420368	面积	面積	这片小区的绿地面积有多少？	這片小區的綠地面積有多少？	这片小区的绿地面积有多少？
1948_1	tatoeba	1567745	称为	稱為	幼儿园老师有时被称为孩子王。	幼兒園老師有時被稱為孩子王。	幼儿园老师有时被称为孩子王。
1951_1	authored		笔架	筆架	毛笔搁在木制笔架上。	毛筆擱在木製筆架上。	
1954_1	tatoeba	3659905	债务	債務	那家工厂的境况不太好，背了很多债务。	那家工廠的境況不太好，背了很多債務。	那家工厂的境况不太好，背了很多债务。
1955_0	tatoeba	2085116	凭借	憑借	那只鸟凭借自己巨大的翅膀能飞得很快。	那隻鳥憑借自己巨大的翅膀能飛得很快。	那只鸟凭借自己巨大的翅膀能飞得很快。
1955_1	tatoeba	2085116	凭借	憑藉	那只鸟凭借自己巨大的翅膀能飞得很快。	那隻鳥憑藉自己巨大的翅膀能飛得很快。	那只鸟凭借自己巨大的翅膀能飞得很快。
1959_1	tatoeba	9495360	倾向	傾向	汤姆公开自己的同性恋倾向。	湯姆公開自己的同性戀傾向。	汤姆公开自己的同性恋倾向。
1965_1	tatoeba	13527727	租赁	租賃	这家汽车租赁公司提供了优质的客服业务。	這家汽車租賃公司提供了優質的客服業務。	這家汽車租賃公司提供了優質的客服業務。
1978_1	authored		舰队	艦隊	舰队驶离港口前往远海。	艦隊駛離港口前往遠海。	
1979_1	authored		船舱	船艙	乘客回到船舱休息。	乘客回到船艙休息。	
1984_1	authored		高耸	高聳	雪山高耸入云。	雪山高聳入雲。	
1987_1	tatoeba	9961482	爱国	愛國	总统作为一位真正的爱国者发言。	總統作為一位真正的愛國者發言。	总统作为一位真正的爱国者发言。
1990_1	authored		颁布	頒布	政府颁布了新的交通法规。	政府頒布了新的交通法規。	
1991_1	authored		歌颂	歌頌	诗人用作品歌颂故乡。	詩人用作品歌頌故鄉。	
1998_1	tatoeba	333261	心脏	心臟	遭受心脏病困扰的人数增加了。	遭受心臟病困擾的人數增加了。	遭受心脏病困扰的人数增加了。
1998_2	tatoeba	772001	肮脏	骯髒	没有肮脏的爱情, 也没有美丽的监狱。	沒有骯髒的愛情, 也沒有美麗的監獄。	沒有骯髒的愛情, 也沒有美麗的監獄。
1999_1	tatoeba	1750080	肚脐	肚臍	无尾熊没有肚脐。	無尾熊沒有肚臍。	无尾熊没有肚脐。
2000_1	authored		橡胶	橡膠	雨鞋是用橡胶制成的。	雨鞋是用橡膠製成的。	
2001_1	tatoeba	683602	电脑	電腦	我有钱的话，我就买这台电脑。	我有錢的話，我就買這臺電腦。	我有钱的话，我就买这台电脑。
2002_1	authored		脓包	膿包	医生处理了伤口上的脓包。	醫生處理了傷口上的膿包。	
2008_1	tatoeba	13924819	鸵鸟	鴕鳥	鸸鹋和鸵鸟有什么区别？	鴯鶓和鴕鳥有什麼區別？	鴯鶓和鴕鳥有什麼區別？
2010_1	authored		鸳鸯	鴛鴦	这幅画描绘了一对鸳鸯。	這幅畫描繪了一對鴛鴦。	
2011_1	authored		褶皱	褶皺	这件裙子的褶皱很自然。	這件裙子的褶皺很自然。	
2012_1	tatoeba	482354	饿死	餓死	我宁愿饿死，也不会去偷东西。	我寧願餓死，也不會去偷東西。	我寧願餓死，也不會去偷東西。
2013_1	tatoeba	9408586	气馁	氣餒	玛丽告诉我她不气馁。	瑪麗告訴我她不氣餒。	玛丽告诉我她不气馁。
2016_1	tatoeba	1743568	恋爱	戀愛	不，直到现在她都没有恋爱过。	不，直到現在她都沒有戀愛過。	不，直到现在她都没有恋爱过。
2017_1	authored		螺旋桨	螺旋槳	船的螺旋桨被渔网缠住了。	船的螺旋槳被漁網纏住了。	
2018_1	authored		岩浆	岩漿	火山喷出了炽热的岩浆。	火山噴出了熾熱的岩漿。	
2024_0	tatoeba	4831157	批准	批准	那个四年计划必须获得批准。	那個四年計劃必須獲得批准。	那个四年计划必须获得批准。
2024_1	tatoeba	334798	准备	準備	门铃响的时候，我正准备出门。	門鈴響的時候，我正準備出門。	门铃响的时候，我正准备出门。
2026_0	tatoeba	1616576	症状	症狀	她吃了中药，减轻了她的症状。	她吃了中藥，減輕了她的症狀。	她吃了中藥，減輕了她的症狀。
2026_1	authored		症结	癥結	我们终于找到了问题的症结。	我們終於找到了問題的癥結。	
2029_1	authored		斋戒	齋戒	信徒在节日期间进行斋戒。	信徒在節日期間進行齋戒。	
2035_1	tatoeba	336929	离开	離開	我正要离开家的时候电话响了。	我正要離開家的時候電話響了。	我正要离开家的时候电话响了。
2039_1	tatoeba	813474	资源	資源	我们消耗了所有的自然资源。	我們消耗了所有的自然資源。	我们消耗了所有的自然资源。
2043_1	tatoeba	715573	竞争	競爭	新的竞争机制使大家干劲儿大增。	新的競爭機制使大家幹勁兒大增。	新的竞争机制使大家干劲儿大增。
2048_1	tatoeba	623220	阅读	閲讀	有些人认为阅读简直浪费时间。	有些人認為閲讀簡直浪費時間。	有些人认为阅读简直浪费时间。
2059_1	tatoeba	358181	麻烦	麻煩	小心点驾驶，不然你就麻烦了。	小心點駕駛，不然你就麻煩了。	小心点驾驶，不然你就麻烦了。
2060_1	tatoeba	13537163	燃烧	燃燒	做有氧运动可以有效燃烧脂肪。	做有氧運動可以有效燃燒脂肪。	做有氧運動可以有效燃燒脂肪。
2061_1	tatoeba	5581762	蜡烛	蠟燭	汤姆吹灭了蛋糕上的所有蜡烛。	湯姆吹滅了蛋糕上的所有蠟燭。	汤姆吹灭了蛋糕上的所有蜡烛。
2064_1	authored		递增	遞增	报名人数正在逐年递增。	報名人數正在逐年遞增。	
2065_1	tatoeba	774527	胡锦涛	胡錦濤	谁知道胡锦涛的生日？	誰知道胡錦濤的生日？	谁知道胡锦涛的生日？
2067_1	authored		洪涝	洪澇	连续暴雨造成了严重洪涝。	連續暴雨造成了嚴重洪澇。	
2072_1	authored		涡轮	渦輪	发动机使用涡轮提高效率。	發動機使用渦輪提高效率。	
2075_0	authored		涂长望	涂長望	涂长望是中国近代气象学家。	涂長望是中國近代氣象學家。	
2075_1	tatoeba	6014656	糊涂	糊塗	这个路口正在翻修，被挖得一塌糊涂。	這個路口正在翻修，被挖得一塌糊塗。	這個路口正在翻修，被挖得一塌糊塗。
2081_1	tatoeba	8588166	利润	利潤	经济利润和正常利润有什么区别？	經濟利潤和正常利潤有什麼區別？	经济利润和正常利润有什么区别？
2082_1	tatoeba	912701	山涧	山澗	翡翠般的青山，山涧中的流水声潺潺。	翡翠般的青山，山澗中的流水聲潺潺。	翡翠般的青山，山涧中的流水声潺潺。
2086_1	tatoeba	345810	上涨	上漲	物价上涨是多方因素造成的。	物價上漲是多方因素造成的。	物价上涨是多方因素造成的。
2087_1	authored		滚烫	滾燙	锅里的水滚烫，小心别碰。	鍋裡的水滾燙，小心別碰。	
2088_1	authored		苦涩	苦澀	这种药入口十分苦涩。	這種藥入口十分苦澀。	
2095_1	tatoeba	13138799	怜悯	憐憫	怜悯一点。	憐憫一點。	憐憫一點。
2098_1	authored		宽阔	寬闊	广场中央有一条宽阔的大道。	廣場中央有一條寬闊的大道。	
2099_0	tatoeba	512435	国家	國家	日本和好几个海外国家做贸易。	日本和好幾個海外國家做貿易。	日本和好几个海外国家做贸易。
2099_1	tatoeba	5581669	家伙	傢伙	毕竟，这家伙有一次想杀我爸。	畢竟，這傢伙有一次想殺我爸。	毕竟，这家伙有一次想杀我爸。
2102_1	tatoeba	10335091	菲律宾	菲律賓	我最好的朋友是菲律宾人。	我最好的朋友是菲律賓人。	我最好的朋友是菲律賓人。
2103_1	authored		窍门	竅門	师傅教了我一个修锁的窍门。	師傅教了我一個修鎖的竅門。	
2108_1	tatoeba	390477	邀请	邀請	除了我，每个人都受到了邀请。	除了我，每個人都受到了邀請。	除了我，每个人都受到了邀请。
2110_1	authored		诸葛亮	諸葛亮	诸葛亮是三国时期的政治家和军事家。	諸葛亮是三國時期的政治家和軍事家。	
2111_1	tatoeba	472839	承诺	承諾	就我所知，他是个遵守承诺的人。	就我所知，他是個遵守承諾的人。	就我所知，他是个遵守承诺的人。
2112_1	tatoeba	623220	阅读	閱讀	有些人认为阅读简直浪费时间。	有些人認為閱讀簡直浪費時間。	有些人认为阅读简直浪费时间。
2114_1	tatoeba	13897311	诽谤	誹謗	别诽谤我。	別誹謗我。	别诽谤我。
2115_1	tatoeba	1654917	袜子	襪子	她很生气地把鞋子，袜子脱掉。	她很生氣地把鞋子，襪子脫掉。	她很生气地把鞋子，袜子脱掉。
2120_1	tatoeba	8741556	课程	課程	你应该去上婴儿心肺复苏课程。	你應該去上嬰兒心肺復甦課程。	你应该去上婴儿心肺复苏课程。
2122_1	authored		谁知	誰知	谁知刚出门就下起了大雨。	誰知剛出門就下起了大雨。	
2123_1	tatoeba	9974954	调整	調整	系统会调整成允许你看到的内容。	系統會調整成允許你看到的內容。	系统会调整成允许你看到的内容。
2125_1	tatoeba	346813	原谅	原諒	请你原谅我很久没给你写信了。	請你原諒我很久沒給你寫信了。	请你原谅我很久没给你写信了。
2126_1	authored		谆谆	諄諄	老师谆谆告诫我们要诚实。	老師諄諄告誡我們要誠實。	
2127_1	tatoeba	510682	谈判	談判	人质的命运取决于谈判的结果。	人質的命運取決於談判的結果。	人质的命运取决于谈判的结果。
2128_1	tatoeba	482695	友谊	友誼	真正的友谊比金钱更有价值。	真正的友誼比金錢更有價值。	真正的友谊比金钱更有价值。
2130_1	tatoeba	503007	诚恳	誠懇	根据医生诚恳的表示，很显然他已经有对病人不太好的消息了。	根據醫生誠懇的表示，很顯然他已經有對病人不太好的訊息了。	根据医生诚恳的表示，很显然他已经有对病人不太好的消息了。
2132_1	tatoeba	9974983	戏剧	戲劇	汤姆和玛丽的故事富有戏剧性。	湯姆和瑪麗的故事富有戲劇性。	汤姆和玛丽的故事富有戏剧性。
2147_1	tatoeba	405750	困难	困難	俄罗斯面临着严重的财政困难。	俄羅斯面臨著嚴重的財政困難。	俄罗斯面临着严重的财政困难。
2148_1	tatoeba	879229	预算	預算	其实，我们什么都不能预算。	其實，我們什麼都不能預算。	其实，我们什么都不能预算。
2150_1	tatoeba	343786	手绢	手絹	我在烫我的手绢。	我在燙我的手絹。	我在烫我的手绢。
2151_1	authored		刺绣	刺綉	她在衣领上绣了一朵精美的刺绣。	她在衣領上繡了一朵精美的刺綉。	
2152_1	tatoeba	13046545	经验	經驗	汤姆不是一个经验老道的司机。	湯姆不是一個經驗老道的司機。	汤姆不是一个经验老道的司机。
2153_1	tatoeba	432907	继续	繼續	他因为太疲劳而无法继续前进。	他因為太疲勞而無法繼續前進。	他因为太疲劳而无法继续前进。
2154_1	tatoeba	13756641	骏马	駿馬	骏马迎春，福运绵延！	駿馬迎春，福運綿延！	駿馬迎春，福運綿延！
2186_1	tatoeba	10460780	投掷	投擲	警方将催泪弹投掷到了建筑中。	警方將催淚彈投擲到了建築中。	警方將催淚彈投擲到了建築中。
2189_0	tatoeba	540637	拮据	拮据	他的书销路不好，所以现在手头十分拮据。	他的書銷路不好，所以現在手頭十分拮据。	他的書銷路不好，所以現在手頭十分拮据。
2189_1	tatoeba	805577	根据	根據	根据习俗，新娘应该循规蹈矩。	根據習俗，新娘應該循規蹈矩。	根据习俗，新娘应该循规蹈矩。
2191_1	authored		掺假	摻假	检测发现这批蜂蜜存在掺假问题。	檢測發現這批蜂蜜存在摻假問題。	
2192_1	tatoeba	353499	职业	職業	他选择了律师作为他的终生职业。	他選擇了律師作為他的終生職業。	他选择了律师作为他的终生职业。
2204_1	tatoeba	9409425	胡萝卜	胡蘿蔔	汤姆午餐只吃了三个胡萝卜。	湯姆午餐只吃了三個胡蘿蔔。	汤姆午餐只吃了三个胡萝卜。
2213_1	authored		萤石	螢石	萤石在紫外线下会发出荧光。	螢石在紫外線下會發出熒光。	
2214_1	tatoeba	14023308	经营	經營	那家公司由我的哥哥经营。	那家公司由我的哥哥經營。	那家公司由我的哥哥经营。
2216_1	tatoeba	767042	萧条	蕭條	有谁知道如何在经济萧条的时候挣得金钱？	有誰知道如何在經濟蕭條的時候掙得金錢？	有誰知道如何在經濟蕭條的時候掙得金錢？
2217_1	tatoeba	512438	菩萨	菩薩	他在木头上刻了一个菩萨像。	他在木頭上刻了一個菩薩像。	他在木头上刻了一个菩萨像。
2221_1	tatoeba	348914	梦想	夢想	我从小就梦想着做一名糕点师。	我從小就夢想著做一名糕點師。	我从小就梦想着做一名糕点师。
2227_1	authored		检察院	檢察院	检察院依法审查了这起案件。	檢察院依法審查了這起案件。	
2236_1	tatoeba	604494	酝酿	醖釀	他们的友情酝酿成了爱情。	他們的友情醖釀成了愛情。	他们的友情酝酿成了爱情。
2241_1	tatoeba	3380545	硕士	碩士	下个月就要进行硕士论文答辩了。	下個月就要進行碩士論文答辯了。	下个月就要进行硕士论文答辩了。
2245_1	authored		耳聋	耳聾	长期处在噪声中可能导致耳聋。	長期處在噪聲中可能導致耳聾。	
2246_1	tatoeba	797066	袭击	襲擊	一连串的灾难袭击这个地区。	一連串的災難襲擊這個地區。	一連串的災難襲擊這個地區。
2250_1	tatoeba	8588209	辅助	輔助	虚拟经济的适度发展对实体经济具有辅助和推动作用。	虛擬經濟的適度發展對實體經濟具有輔助和推動作用。	虚拟经济的适度发展对实体经济具有辅助和推动作用。
2251_1	tatoeba	1577372	车辆	車輛	车辆增多会影响到城市的环境。	車輛增多會影響到城市的環境。	车辆增多会影响到城市的环境。
2252_1	authored		头颅	頭顱	医生检查了患者的头颅。	醫生檢查了患者的頭顱。	
2276_1	tatoeba	13507746	活跃	活躍	玛丽她很活跃，不是吗？	瑪麗她很活躍，不是嗎？	瑪麗她很活躍，不是嗎？
2282_0	authored		累计	累計	今年的累计降雨量已经超过去年。	今年的累計降雨量已經超過去年。	
2282_1	tatoeba	818140	累累	纍纍	有些人负债累累。	有些人負債纍纍。	有些人負債累累。
2286_1	authored		哈啰	哈囉	哈啰，好久不见！	哈囉，好久不見！	
2291_1	authored		呼啸	呼嘯	寒风从山谷中呼啸而过。	寒風從山谷中呼嘯而過。	
2294_1	tatoeba	11044298	崭新	嶄新	您新买的是辆崭新的车吗？	您新買的是輛嶄新的車嗎？	您新買的是輛嶄新的車嗎？
2295_1	tatoeba	8868746	逻辑	邏輯	知识分子只需要世界语和逻辑语。	知識分子只需要世界語和邏輯語。	知识分子只需要世界语和逻辑语。
2301_1	tatoeba	8741556	婴儿	嬰兒	你应该去上婴儿心肺复苏课程。	你應該去上嬰兒心肺復甦課程。	你应该去上婴儿心肺复苏课程。
2303_1	tatoeba	13656782	手铐	手銬	他们给汤姆戴上了手铐。	他們給湯姆戴上了手銬。	他們給湯姆戴上了手銬。
2304_1	authored		铃铛	鈴鐺	小猫脖子上挂着一只铃铛。	小貓脖子上掛著一隻鈴鐺。	
2305_1	authored		铝合金	鋁合金	窗框采用轻便的铝合金制成。	窗框採用輕便的鋁合金製成。	
2306_1	tatoeba	13634204	青铜	青銅	青铜器主要是由铜和锡的合金制成的。	青銅器主要是由銅和錫的合金製成的。	青銅器主要是由銅和錫的合金製成的。
2307_1	authored		铭文	銘文	石碑上的铭文已经模糊不清。	石碑上的銘文已經模糊不清。	
2308_1	authored		扁铲	扁鏟	工人用扁铲清理墙面。	工人用扁鏟清理牆面。	
2309_1	tatoeba	334859	银行	銀行	他把他女儿嫁给了一个银行家。	他把他女兒嫁給了一個銀行家。	他把他女儿嫁给了一个银行家。
2310_1	tatoeba	13249547	矫正	矯正	我是一名牙齿矫正医师。	我是一名牙齒矯正醫師。	我是一名牙齒矯正醫師。
2315_1	tatoeba	347707	污秽	污穢	污秽导致疾病。	污穢導致疾病。	污秽导致疾病。
2318_1	tatoeba	10706234	笼罩	籠罩	田野和小径被雾气笼罩著。	田野和小徑被霧氣籠罩著。	田野和小徑被霧氣籠罩著。
2327_1	tatoeba	382442	补偿	補償	她会好好的补偿你的。	她會好好的補償你的。	她会好好的补偿你的。
2335_1	tatoeba	9953235	躯体	軀體	没有了你，我就像没有灵魂的躯体。	沒有了你，我就像沒有靈魂的軀體。	没有了你，我就像没有灵魂的躯体。
2338_1	tatoeba	8589277	挑衅	挑釁	萨米对顾客变得更加挑衅了。	薩米對顧客變得更加挑釁了。	萨米对顾客变得更加挑衅了。
2342_1	authored		衔接	銜接	编辑调整了两段之间的衔接。	編輯調整了兩段之間的銜接。	
2343_1	tatoeba	793548	棋盘	棋盤	我在棋盘上把一个棋子向前移动一步。	我在棋盤上把一個棋子向前移動一步。	我在棋盤上把一個棋子向前移動一步。
2349_1	tatoeba	827487	鸽子	鴿子	他放我鸽子；我等了他一整晚！	他放我鴿子；我等了他一整晚！	他放我鸽子；我等了他一整晚！
2350_1	authored		收敛	收斂	听到批评后，他收敛了许多。	聽到批評後，他收斂了許多。	
2354_1	tatoeba	13828932	领导	領導	许多人说他不适合当领导。	許多人說他不適合當領導。	许多人说他不适合当领导。
2359_1	tatoeba	2092374	脸色	臉色	发生什么了？你脸色这样苍白。	發生什麼了？你臉色這樣蒼白。	发生什么了？你脸色这样苍白。
2366_1	tatoeba	334871	狩猎	狩獵	我等不及想要和我爸爸去狩猎。	我等不及想要和我爸爸去狩獵。	我等不及想要和我爸爸去狩猎。
2372_1	tatoeba	4182627	馅饼	餡餅	你已经吃了很多馅饼。	你已經吃了很多餡餅。	你已经吃了很多馅饼。
2373_1	authored		博物馆	博物館	博物馆正在展出古代陶器。	博物館正在展出古代陶器。	
2382_1	authored		瘙痒	瘙癢	皮肤瘙痒时不要用力抓挠。	皮膚瘙癢時不要用力抓撓。	
2393_0	tatoeba	633872	旋转	旋轉	地球大约每三百六十五天就会围绕太阳旋转一周。	地球大約每三百六十五天就會圍繞太陽旋轉一週。	地球大約每三百六十五天就會圍繞太陽旋轉一周。
2393_1	authored		旋床	鏇床	工人用旋床加工金属零件。	工人用鏇床加工金屬零件。	
2396_1	authored		阎王	閻王	传说阎王掌管阴间。	傳說閻王掌管陰間。	
2397_1	tatoeba	332765	阐述	闡述	他简单地阐述了他的理由。	他簡單地闡述了他的理由。	他简单地阐述了他的理由。
2400_1	tatoeba	8839832	覆盖	覆蓋	山林小道被雪完全覆盖住了。	山林小道被雪完全覆蓋住了。	山林小道被雪完全覆盖住了。
2405_1	tatoeba	8143516	不断	不斷	小脑需要连续不断的血液供给。	小腦需要連續不斷的血液供給。	小脑需要连续不断的血液供给。
2407_1	tatoeba	13109809	野兽	野獸	你认为你是什么野兽？猎犬还是老鼠？	你認為你是什麼野獸？獵犬還是老鼠？	你認為你是什麼野獸？獵犬還是老鼠？
2412_1	authored		李鸿章	李鴻章	李鸿章是晚清的重要大臣。	李鴻章是晚清的重要大臣。	
2417_1	tatoeba	9972834	逐渐	逐漸	这个国家的人口正在逐渐减少。	這個國家的人口正在逐漸減少。	这个国家的人口正在逐渐减少。
2423_1	tatoeba	13873663	渊源	淵源	广东与香港、澳门地理相邻，三地在文化与语言上有著深厚的渊源。	廣東與香港、澳門地理相鄰，三地在文化與語言上有著深厚的淵源。	廣東與香港、澳門地理相鄰，三地在文化與語言上有著深厚的淵源。
2425_1	tatoeba	415637	渔业	漁業	这个岛的经济依靠的是渔业。	這個島的經濟依靠的是漁業。	这个岛的经济依靠的是渔业。
2431_0	authored		海淀区	海淀區	海淀区有许多高等院校。	海淀區有許多高等院校。	
2431_1	authored		沉淀	沉澱	杯底出现了一层白色沉淀。	杯底出現了一層白色沉澱。	
2437_1	tatoeba	869891	渗透	滲透	骇客们找到渗透私人或公共网络的新方法。	駭客們找到滲透私人或公共網路的新方法。	駭客們找到滲透私人或公共網絡的新方法。
2440_1	tatoeba	1948458	惭愧	慚愧	我很惭愧，这是我第一次对我爸说谎。	我很慚愧，這是我第一次對我爸說謊。	我很惭愧，这是我第一次对我爸说谎。
2442_1	tatoeba	1565730	恐惧	恐懼	无知是恐惧之母，也是崇拜之母。	無知是恐懼之母，也是崇拜之母。	无知是恐惧之母，也是崇拜之母。
2445_1	tatoeba	829678	惊人	驚人	他以惊人的速度游自由泳，你该看看。	他以驚人的速度遊自由泳，你該看看。	他以惊人的速度游自由泳，你该看看。
2449_1	authored		惨案	慘案	纪念馆记录了那场惨案。	紀念館記錄了那場慘案。	
2450_1	tatoeba	333351	习惯	習慣	你很快就会习惯吃日本料理了。	你很快就會習慣吃日本料理了。	你很快就会习惯吃日本料理了。
2459_1	tatoeba	13117586	阴谋	陰謀	人们指控他参与了这场阴谋。	人們指控他參與了這場陰謀。	人們指控他參與了這場陰謀。
2460_1	tatoeba	380162	间谍	間諜	我突然想到他可能是个商业间谍。	我突然想到他可能是個商業間諜。	我突然想到他可能是個商業間諜。
2461_1	tatoeba	2026506	撒谎	撒謊	汤姆太老实了，连撒谎都不会。	湯姆太老實了，連撒謊都不會。	汤姆太老实了，连撒谎都不会。
2462_1	tatoeba	5613678	和谐	和諧	我们必须学会与自然和谐共处。	我們必須學會與自然和諧共處。	我们必须学会与自然和谐共处。
2464_1	tatoeba	12047759	祈祷	祈禱	让我们祈祷他学得很快吧。	讓我們祈禱他學得很快吧。	让我们祈祷他学得很快吧。
2465_1	authored		大祸	大禍	粗心大意差点酿成大祸。	粗心大意差點釀成大禍。	
2466_1	tatoeba	829311	所谓	所謂	她就是所谓有教养的女性。	她就是所謂有教養的女性。	她就是所谓有教养的女性。
2467_1	tatoeba	875076	谚语	諺語	在威尔斯，我们有一个句谚语。	在威爾斯，我們有一個句諺語。	在威爾斯，我們有一個句諺語。
2468_1	authored		谜底	謎底	故事最后才揭开谜底。	故事最後才揭開謎底。	
2473_1	tatoeba	5246142	导弹	導彈	飞机即将撞上成塔，但是防空导弹将它制止了。	飛機即將撞上成塔，但是防空導彈將它制止了。	飛機即將撞上成塔，但是防空導彈將它制止了。
2475_1	tatoeba	503065	堕落	墮落	我不会堕落到他那个地步。	我不會墮落到他那個地步。	我不会堕落到他那个地步。
2476_1	tatoeba	5650516	随着	隨著	随着故事的进行，谜题揭开了。	隨著故事的進行，謎題揭開了。	随着故事的进行，谜题揭开了。
2480_1	tatoeba	2052524	隐藏	隱藏	汤姆隐藏着一个可怕的秘密。	湯姆隱藏著一個可怕的秘密。	汤姆隐藏着一个可怕的秘密。
2482_1	authored		婶子	嬸子	邻居婶子送来一篮蔬菜。	鄰居嬸子送來一籃蔬菜。	
2484_1	authored		颇具	頗具	这座古城颇具历史价值。	這座古城頗具歷史價值。	
2485_1	authored		瓶颈	瓶頸	资金不足成为项目的瓶颈。	資金不足成為專案的瓶頸。	
2486_1	tatoeba	2103703	成绩	成績	不要躺在过去的成绩上睡大觉。	不要躺在過去的成績上睡大覺。	不要躺在过去的成绩上睡大觉。
2487_1	tatoeba	2609577	情绪	情緒	攀比心理会让人产生负面情绪。	攀比心理會讓人產生負面情緒。	攀比心理会让人产生负面情绪。
2488_1	tatoeba	432907	继续	繼續	他因为太疲劳而无法继续前进。	他因為太疲勞而無法繼續前進。	他因为太疲劳而无法继续前进。
2489_1	tatoeba	5957612	骑兵	騎兵	他是这个国家的骑兵总司令。	他是這個國家的騎兵總司令。	他是這個國家的騎兵總司令。
2490_1	tatoeba	13878993	绰号	綽號	村里人都叫他「老酒鬼」，这绰号跟了他三十年。	村裡人都叫他「老酒鬼」，這綽號跟了他三十年。	村裡人都叫他「老酒鬼」，這綽號跟了他三十年。
2491_1	tatoeba	336862	绳子	繩子	那个溺水的男人抓紧了绳子。	那個溺水的男人抓緊了繩子。	那个溺水的男人抓紧了绳子。
2492_1	tatoeba	2442120	维护	維護	维护客户利益就是维护公司利益。	維護客戶利益就是維護公司利益。	维护客户利益就是维护公司利益。
2494_1	tatoeba	1750361	绷带	綳帶	他先清洗了伤口，再绑上绷带。	他先清洗了傷口，再綁上綳帶。	他先清洗了伤口，再绑上绷带。
2495_1	tatoeba	6100214	丝绸	絲綢	丝绸之路形成的初衷并非是贸易。	絲綢之路形成的初衷並非是貿易。	絲綢之路形成的初衷並非是貿易。
2496_1	tatoeba	502845	综合	綜合	所有意见是真相和错误的综合。	所有意見是真相和錯誤的綜合。	所有意见是真相和错误的综合。
2497_1	authored		破绽	破綻	他的谎言很快露出了破绽。	他的謊言很快露出了破綻。	
2498_1	authored		绿教	緑教	“绿教”是带有贬义的网络用语。	“緑教”是帶有貶義的網路用語。	
2499_1	tatoeba	13884559	点缀	點綴	众多村庄点缀著福斯湾的岸边，优美如画。初次于此航行的陌生人，必定会留下深刻印象。	眾多村莊點綴著福斯灣的岸邊，優美如畫。初次於此航行的陌生人，必定會留下深刻印象。	眾多村莊點綴著福斯灣的岸邊，優美如畫。初次於此航行的陌生人，必定會留下深刻印象。
2504_1	authored		琼斯	瓊斯	琼斯教授今天没有来上课。	瓊斯教授今天沒有來上課。	
2516_1	tatoeba	5372278	趋势	趨勢	她很了解最新的时尚趋势。	她很瞭解最新的時尚趨勢。	她很了解最新的時尚趨勢。
2518_1	authored		包揽	包攬	她一人包揽了全部金牌。	她一人包攬了全部金牌。	
2531_1	authored		搀扶	攙扶	护士搀扶老人慢慢起身。	護士攙扶老人慢慢起身。	
2533_1	tatoeba	333030	耽搁	耽擱	火车因大雪被耽搁了。	火車因大雪被耽擱了。	火车因大雪被耽搁了。
2535_1	authored		搂抱	摟抱	久别重逢的家人紧紧搂抱在一起。	久別重逢的家人緊緊摟抱在一起。	
2536_1	tatoeba	824453	搅拌	攪拌	食物调理机往往比搅拌机短和宽。	食物調理機往往比攪拌機短和寬。	食物調理機往往比攪拌機短和寬。
2544_1	tatoeba	334721	联系	聯係	我们联系上他们已经为时已晚。	我們聯係上他們已經為時已晚。	我们联系上他们已经为时已晚。
2555_1	authored		蒋介石	蔣介石	蒋介石是中国近代史上的政治人物。	蔣介石是中國近代史上的政治人物。	
2558_1	tatoeba	10278312	韩国	韓國	我和我的朋友们想在韩国工作。	我和我的朋友們想在韓國工作。	我和我的朋友們想在韓國工作。
2579_1	authored		椭圆形	橢圓形	这张桌子的桌面呈椭圆形。	這張桌子的桌面呈橢圓形。	
2591_1	tatoeba	466264	确定	確定	会议重新开始的时间还不确定。	會議重新開始的時間還不確定。	会议重新开始的时间还不确定。
2597_1	tatoeba	8727847	脸颊	臉頰	两滴眼泪从她的脸颊滑落下来。	兩滴眼淚從她的臉頰滑落下來。	两滴眼泪从她的脸颊滑落下来。
2598_1	authored		霹雳	霹靂	一道霹雳划破夜空。	一道霹靂劃破夜空。	
2599_1	tatoeba	2431737	暂时	暫時	形式是暂时的，等级才是永恒的。	形式是暫時的，等級才是永恆的。	形式是暂时的，等级才是永恒的。
2601_1	authored		翘首	翹首	村民翘首等待远方的亲人归来。	村民翹首等待遠方的親人歸來。	
2602_1	authored		前辈	前輩	我向经验丰富的前辈请教。	我向經驗豐富的前輩請教。	
2605_1	authored		开凿	開鑿	工人正在山中开凿隧道。	工人正在山中開鑿隧道。	
2606_1	tatoeba	2152762	辉煌	輝煌	这样辉煌的成绩，是如何取得的？	這樣輝煌的成績，是如何取得的？	这样辉煌的成绩，是如何取得的？
2609_1	tatoeba	346900	欣赏	欣賞	你觉得有多少人懂得欣赏音乐？	你覺得有多少人懂得欣賞音樂？	你覺得有多少人懂得欣賞音樂？
2612_1	tatoeba	13593663	青睐	青睞	她的国语声调精准，自然比同龄人更受评审青睐。	她的國語聲調精準，自然比同齡人更受評審青睞。	她的國語聲調精準，自然比同齡人更受評審青睞。
2618_1	tatoeba	13847495	喷出	噴出	章鱼会喷出墨汁来逃避天敌。	章魚會噴出墨汁來逃避天敵。	章鱼会喷出墨汁来逃避天敌。
2627_1	tatoeba	13519149	范畴	範疇	俄语动词的一个特征是存在体的范畴。	俄語動詞的一個特徵是存在體的範疇。	俄語動詞的一個特徵是存在體的範疇。
2628_1	tatoeba	10007005	实践	實踐	我们怎样才能将其付出实践？	我們怎樣才能將其付出實踐？	我们怎样才能将其付出实践？
2633_1	tatoeba	5968312	遗址	遺址	这座体育馆下藏著一个重要的遗址。	這座體育館下藏著一個重要的遺址。	這座體育館下藏著一個重要的遺址。
2640_1	authored		杜鹃花	杜鵑花	春天山坡上开满了杜鹃花。	春天山坡上開滿了杜鵑花。	
2650_1	tatoeba	10367177	赋予	賦予	什么赋予了人生意义？	什麼賦予了人生意義？	什么赋予了人生意义？
2651_1	tatoeba	810592	赌博	賭博	你不喜欢赌博，是吗？	你不喜歡賭博，是嗎？	你不喜歡賭博，是嗎？
2652_1	authored		赎回	贖回	基金到期后可以按约定赎回。	基金到期後可以按約定贖回。	
2653_1	authored		赏赐	賞賜	国王赏赐了勇敢的士兵。	國王賞賜了勇敢計程車兵。	
2654_1	tatoeba	10342272	赔偿	賠償	你需要赔偿他损失的钱。	你需要賠償他損失的錢。	你需要赔偿他损失的钱。
2656_1	authored		铸造	鑄造	工匠用青铜铸造钟鼎。	工匠用青銅鑄造鐘鼎。	
2657_1	tatoeba	13603157	店铺	店鋪	因为是星期日，所以店铺没开。	因為是星期日，所以店鋪沒開。	因為是星期日，所以店鋪沒開。
2658_1	authored		链接	鏈接	请把链接发给所有参加者。	請把鏈接發給所有參加者。	
2659_1	tatoeba	1423374	销售	銷售	邮购是直接销售的主要形式。	郵購是直接銷售的主要形式。	郵購是直接銷售的主要形式。
2660_1	tatoeba	13924822	封锁	封鎖	这个港口可能会遭到封锁。	這個港口可能會遭到封鎖。	這個港口可能會遭到封鎖。
2661_1	tatoeba	3966152	锄头	鋤頭	用锄头的时候小心一些	用鋤頭的時候小心一些	用锄头的时候小心一些
2662_1	authored		锅巴	鍋巴	锅底剩下的锅巴又香又脆。	鍋底剩下的鍋巴又香又脆。	
2663_1	authored		不锈钢	不銹鋼	这个水壶由不锈钢制成。	這個水壺由不銹鋼製成。	
2664_1	tatoeba	470977	先锋	先鋒	他是这个方面的先锋。	他是這個方面的先鋒。	他是这个方面的先锋。
2665_1	authored		氧化锌	氧化鋅	药膏中含有氧化锌。	藥膏中含有氧化鋅。	
2666_1	tatoeba	830481	尖锐	尖鋭	突然间她开始用尖锐的声音大喊。	突然間她開始用尖鋭的聲音大喊。	突然間她開始用尖銳的聲音大喊。
2674_1	tatoeba	7774830	天鹅	天鵝	这只天鹅是黑色的。	這隻天鵝是黑色的。	这只天鹅是黑色的。
2682_0	authored		筑波	筑波	筑波位于日本茨城县。	筑波位於日本茨城縣。	
2682_1	tatoeba	1759600	建筑	建築	学校最高的建筑就是那个水塔。	學校最高的建築就是那個水塔。	学校最高的建筑就是那个水塔。
2684_1	tatoeba	13610489	筛选	篩選	这个公会历史悠久，拥有完整的行政体系与严格的成员筛选标准。	這個公會歷史悠久，擁有完整的行政體系與嚴格的成員篩選標準。	这个公会历史悠久，拥有完整的行政体系与严格的成员筛选标准。
2697_1	authored		储量	儲量	这座矿山的煤炭储量很大。	這座礦山的煤炭儲量很大。	
2703_1	tatoeba	429174	惩罚	懲罰	如果他犯了罪，他应该受到惩罚。	如果他犯了罪，他應該受到懲罰。	如果他犯了罪，他应该受到惩罚。
2704_0	authored		御道	御道	古代皇帝沿着御道进入宫城。	古代皇帝沿著御道進入宮城。	
2704_1	tatoeba	797083	防御	防禦	进攻是最好的防御。	進攻是最好的防禦。	進攻是最好的防禦。
2710_1	tatoeba	373623	解释	解釋	­我回来就解释给你听怎么用。	­我回來就解釋給你聽怎麼用。	­我回来就解释给你听怎么用。
2712_1	tatoeba	801357	希腊	希臘	我既不是雅典人也不是希腊人。	我既不是雅典人也不是希臘人。	我既不是雅典人也不是希腊人。
2717_1	authored		鲁迅	魯迅	鲁迅写过许多小说和杂文。	魯迅寫過許多小說和雜文。	
2722_1	tatoeba	336686	疲惫	疲憊	这个女士看起来很悲伤，也很疲惫。	這個女士看起來很悲傷，也很疲憊。	这个女士看起来很悲伤，也很疲惫。
2724_1	tatoeba	3856444	反馈	反饋	公司欢迎消费者对他们产品的反馈	公司歡迎消費者對他們產品的反饋	公司欢迎消费者对他们产品的反馈
2725_1	authored		眼馋	眼饞	孩子看着蛋糕直眼馋。	孩子看著蛋糕直眼饞。	
2726_1	tatoeba	9969184	装备	裝備	你需要好装备才能爬上这座山。	你需要好裝備才能爬上這座山。	你需要好装备才能爬上这座山。
2727_1	tatoeba	360131	野蛮	野蠻	在教养上，他们可以说是和野蛮人差不多。	在教養上，他們可以說是和野蠻人差不多。	在教養上，他們可以說是和野蠻人差不多。
2737_1	tatoeba	1691771	广阔	廣闊	撒哈拉沙漠广阔无垠。	撒哈拉沙漠廣闊無垠。	撒哈拉沙漠广阔无垠。
2742_1	authored		粪便	糞便	实验人员采集了动物粪便样本。	實驗人員採集了動物糞便樣本。	
2750_1	tatoeba	8580989	停滞	停滯	阿尔及尔从不停滞不前。	阿爾及爾從不停滯不前。	阿尔及尔从不停滞不前。
2756_1	tatoeba	766041	湿润	濕潤	因为气候又暖和又湿润，所以广州一年到头都有花。	因為氣候又暖和又濕潤，所以廣州一年到頭都有花。	因为气候又暖和又湿润，所以广州一年到头都有花。
2759_1	tatoeba	9850367	崩溃	崩潰	如何判断自己已经或濒临精神崩溃？	如何判斷自己已經或瀕臨精神崩潰？	如何判断自己已经或濒临精神崩溃？
2760_1	authored		飞溅	飛濺	车轮驶过水坑，泥水四处飞溅。	車輪駛過水坑，泥水四處飛濺。	
2764_1	tatoeba	3701786	台湾	台灣	我在台湾时，我们成为好朋友。	我在台灣時，我們成為好朋友。	我在臺灣時，我們成為好朋友。
2770_1	tatoeba	429383	愤怒	憤怒	当我忘记约定时，他十分愤怒。	當我忘記約定時，他十分憤怒。	当我忘记约定时，他十分愤怒。
2783_1	authored		逃窜	逃竄	盗贼见到警察后仓皇逃窜。	盜賊見到警察後倉皇逃竄。	
2784_1	authored		被窝	被窩	冬天早晨，我不愿离开温暖的被窝。	冬天早晨，我不願離開溫暖的被窩。	
2791_1	tatoeba	334437	裤子	褲子	哦，我的白裤子！它是新的。	哦，我的白褲子！它是新的。	哦，我的白裤子！它是新的。
2793_1	authored		禅杖	禪杖	老僧拄着禅杖缓步前行。	老僧拄著禪杖緩步前行。	
2795_1	tatoeba	6093372	感谢	感謝	我想为你今天所做的事感谢你。	我想為你今天所做的事感謝你。	我想为你今天所做的事感谢你。
2796_1	tatoeba	867740	谣言	謡言	据我所知，这个谣言不是真的。	據我所知，這個謡言不是真的。	据我所知，这个谣言不是真的。
2797_1	tatoeba	13897311	诽谤	誹謗	别诽谤我。	別誹謗我。	别诽谤我。
2798_1	tatoeba	830473	谦虚	謙虛	获得诺贝尔奖后，她仍谦虚如昔。	獲得諾貝爾獎後，她仍謙虛如昔。	獲得諾貝爾獎後，她仍謙虛如昔。
2800_1	tatoeba	9954787	属于	屬於	你去寻找属于自己的灵感了吗？	你去尋找屬於自己的靈感了嗎？	你去寻找属于自己的灵感了吗？
2801_1	authored		屡次	屢次	他屡次迟到，受到了批评。	他屢次遲到，受到了批評。	
2814_1	tatoeba	10529598	缅甸	緬甸	泰国在北边接壤缅甸和老挝。	泰國在北邊接壤緬甸和寮國。	泰國在北邊接壤緬甸和老撾。
2815_1	authored		光缆	光纜	施工队正在铺设地下光缆。	施工隊正在鋪設地下光纜。	
2816_1	tatoeba	5663466	通缉	通緝	汤姆已经上通缉令三年了。	湯姆已經上通緝令三年了。	汤姆已经上通缉令三年了。
2817_1	authored		绸缎	綢緞	店里陈列着各色绸缎。	店裡陳列著各色綢緞。	
2818_1	tatoeba	13118956	缓慢	緩慢	由硬体到软体的转变是缓慢的。	由硬體到軟體的轉變是緩慢的。	由硬體到軟體的轉變是緩慢的。
2819_1	authored		缔结	締結	两国正式缔结了友好条约。	兩國正式締結了友好條約。	
2820_1	authored		千丝万缕	千絲萬縷	这两件事之间有着千丝万缕的联系。	這兩件事之間有著千絲萬縷的聯絡。	
2821_1	tatoeba	333147	欺骗	欺騙	这将是你最后一次被欺骗了。	這將是你最後一次被欺騙了。	这将是你最后一次被欺骗了。
2822_1	tatoeba	9970747	编辑	編輯	我们应该对人使用基因编辑吗？	我們應該對人使用基因編輯嗎？	我们应该对人使用基因编辑吗？
2823_1	tatoeba	13890572	骚扰	騷擾	让你的儿子别来骚扰我的女儿。	讓你的兒子別來騷擾我的女兒。	让你的儿子别来骚扰我的女儿。
2824_1	tatoeba	11545847	边缘	邊緣	你是在死亡边缘反复磨擦。	你是在死亡邊緣反覆磨擦。	你是在死亡边缘反复磨擦。
2826_1	tatoeba	435238	鹦鹉	鸚鵡	鹦鹉懂得模仿人类说话。	鸚鵡懂得模仿人類說話。	鸚鵡懂得模仿人類說話。
2832_1	tatoeba	836338	拍摄	拍攝	拍摄是在中午十二时左右开始。	拍攝是在中午十二時左右開始。	拍攝是在中午十二時左右開始。
2838_1	tatoeba	8558441	摆脱	擺脫	阿尔及利亚需要摆脱官僚主义。	阿爾及利亞需要擺脫官僚主義。	阿尔及利亚需要摆脱官僚主义。
2838_2	authored		下摆	下襬	裙子的下摆沾上了泥水。	裙子的下襬沾上了泥水。	
2844_1	authored		摊开	攤開	她把地图摊开在桌上。	她把地圖攤開在桌上。	
2851_1	authored		喜鹊	喜鵲	喜鹊落在院里的树枝上。	喜鵲落在院裡的樹枝上。	
2852_1	tatoeba	811085	蓝色	藍色	我想试一下那条蓝色条纹裙。	我想試一下那條藍色條紋裙。	我想试一下那条蓝色条纹裙。
2859_0	tatoeba	13517633	蒙古	蒙古	蒙古国夹在俄罗斯和中国之间。	蒙古國夾在俄羅斯和中國之間。	蒙古國夾在俄羅斯和中國之間。
2859_1	authored		迷蒙	迷濛	清晨的湖面烟雨迷蒙。	清晨的湖面煙雨迷濛。	
2859_2	authored		克莱蒙特	克萊懞特	克莱蒙特是一座安静的小城。	克萊懞特是一座安靜的小城。	
2859_3	authored		启蒙	啟矇	这本读物适合儿童启蒙。	這本讀物適合兒童啟矇。	
2861_1	tatoeba	427606	贡献	貢獻	他为经济发展作了很多贡献。	他為經濟發展作了很多貢獻。	他为经济发展作了很多贡献。
2866_1	tatoeba	7781726	橄榄	橄欖	他曾是个英式橄榄球运动员。	他曾是個英式橄欖球運動員。	他曾是个英式橄榄球运动员。
2870_1	authored		城楼	城樓	游客登上城楼眺望远方。	遊客登上城樓眺望遠方。	
2872_1	tatoeba	8751463	依赖	依賴	阿尔及利亚能依赖可再生能源吗？	阿爾及利亞能依賴可再生能源嗎？	阿尔及利亚能依赖可再生能源吗？
2876_1	tatoeba	10086141	障碍	障礙	汤姆认为玛丽可能有进食障碍。	湯姆認為瑪麗可能有進食障礙。	汤姆认为玛丽可能有进食障碍。
2883_1	tatoeba	11319300	尴尬	尷尬	这么尴尬的事情真亏你想的出来。	這麼尷尬的事情真虧你想的出來。	这么尴尬的事情真亏你想的出来。
2886_1	authored		云雾	雲霧	山顶终年笼罩在云雾之中。	山頂終年籠罩在雲霧之中。	
2888_1	authored		辐射	輻射	医生建议减少不必要的辐射暴露。	醫生建議減少不必要的輻射暴露。	
2889_1	tatoeba	9970747	编辑	編輯	我们应该对人使用基因编辑吗？	我們應該對人使用基因編輯嗎？	我们应该对人使用基因编辑吗？
2890_1	tatoeba	765374	运输	運輸	以前很多货物是通过船运输的。	以前很多貨物是透過船運輸的。	以前很多貨物是通過船運輸的。
2892_1	tatoeba	13559104	频率	頻率	气候变化可能增加飓风的强度和发生频率。	氣候變化可能增加颶風的強度和發生頻率。	氣候變化可能增加颶風的強度和發生頻率。
2893_1	tatoeba	336589	年龄	年齡	你年龄足够大了，该了解更多。	你年齡足夠大了，該瞭解更多。	你年龄足够大了，该了解更多。
2894_1	tatoeba	13880776	鉴于	鑒於	鉴于这片区域的危险，出于安全考虑，他建议我们一起走。	鑒於這片區域的危險，出於安全考慮，他建議我們一起走。	鉴于这片区域的危险，出于安全考虑，他建议我们一起走。
2914_1	authored		蹊跷	蹊蹺	这件事越想越觉得蹊跷。	這件事越想越覺得蹊蹺。	
2923_1	tatoeba	1593707	蜗牛	蝸牛	蜗牛一直在吃我们的莴苣。	蝸牛一直在吃我們的萵苣。	蜗牛一直在吃我们的莴苣。
2936_1	tatoeba	502845	错误	錯誤	所有意见是真相和错误的综合。	所有意見是真相和錯誤的綜合。	所有意见是真相和错误的综合。
2937_1	tatoeba	13837435	抛锚	拋錨	总重量过大，导致卡车抛锚。	總重量過大，導致卡車拋錨。	總重量過大，導致卡車拋錨。
2938_1	authored		无锡	無錫	无锡位于江苏省南部。	無錫位於江蘇省南部。	
2939_1	authored		锣鼓	鑼鼓	节日的锣鼓声响彻全村。	節日的鑼鼓聲響徹全村。	
2940_1	authored		铁锤	鐵錘	工人举起铁锤敲打钢板。	工人舉起鐵錘敲打鋼板。	
2941_1	authored		圆锥形	圓錐形	这座屋顶呈圆锥形。	這座屋頂呈圓錐形。	
2942_1	authored		锦标赛	錦標賽	她在锦标赛中获得冠军。	她在錦標賽中獲得冠軍。	
2943_1	tatoeba	347586	关键	關鍵	关键不在穿什么，而是怎么穿。	關鍵不在穿什麼，而是怎麼穿。	关键不在穿什么，而是怎么穿。
2944_1	authored		锯齿	鋸齒	刀背上排列着细密的锯齿。	刀背上排列著細密的鋸齒。	
2945_1	authored		锰矿	錳礦	这里发现了一处大型锰矿。	這裡發現了一處大型錳礦。	
2947_1	tatoeba	461610	辞职	辭職	我一点也没有要辞职的意思。	我一點也沒有要辭職的意思。	我一点也没有要辞职的意思。
2950_1	authored		颓然	頽然	比赛失利后，他颓然坐在地上。	比賽失利後，他頽然坐在地上。	
2952_1	tatoeba	13561217	筹备	籌備	汤姆正在为玛莉筹备生日派对。	湯姆正在為瑪莉籌備生日派對。	湯姆正在為瑪莉籌備生日派對。
2953_1	tatoeba	13857147	签订	簽訂	我国与多个邻国签订了自由贸易协定。	我國與多個鄰國簽訂了自由貿易協定。	我國與多個鄰國簽訂了自由貿易協定。
2953_2	tatoeba	455323	标签	標籤	箱子的内容在标签上面写着。	箱子的內容在標籤上面寫著。	箱子的内容在标签上面写着。
2954_1	tatoeba	1409456	简单	簡單	变美丽的最简单方法就是微笑。	變美麗的最簡單方法就是微笑。	变美丽的最简单方法就是微笑。
2968_1	tatoeba	13516617	细腻	細膩	调整显色，则可以让画作氛围表现得更细腻。	調整顯色，則可以讓畫作氛圍表現得更細膩。	調整顯色，則可以讓畫作氛圍表現得更細膩。
2974_1	authored		李鹏	李鵬	李鹏曾任中华人民共和国国务院总理。	李鵬曾任中華人民共和國國務院總理。	
2975_1	authored		折腾	折騰	别再折腾那台已经坏掉的机器了。	別再折騰那臺已經壞掉的機器了。	
2977_1	authored		鲍罗廷	鮑羅廷	鲍罗廷曾在中国从事政治活动。	鮑羅廷曾在中國從事政治活動。	
2979_1	tatoeba	13512210	新颖	新穎	真是新颖的意见啊。	真是新穎的意見啊。	真是新穎的意見啊。
2980_1	tatoeba	8834568	接触	接觸	日本有必要和西方各国接触。	日本有必要和西方各國接觸。	日本有必要和西方各国接触。
2983_1	authored		雏形	雛形	新制度已经具备了初步雏形。	新制度已經具備了初步雛形。	
2984_1	authored		泡馍	泡饃	这家店的羊肉泡馍很有名。	這家店的羊肉泡饃很有名。	
2985_1	authored		蒸馏	蒸餾	实验室用蒸馏方法净化液体。	實驗室用蒸餾方法淨化液體。	
2986_1	authored		辣椒酱	辣椒醬	面条里加了一勺辣椒酱。	麵條里加了一勺辣椒醬。	
2997_1	authored		誊写	謄寫	学生把老师的批注誊写到本子上。	學生把老師的批註謄寫到本子上。	
2998_1	tatoeba	9839016	粮食	糧食	粮食安全是国家安全的重要基础。	糧食安全是國家安全的重要基礎。	粮食安全是国家安全的重要基础。
2999_1	tatoeba	333261	人数	人數	遭受心脏病困扰的人数增加了。	遭受心臟病困擾的人數增加了。	遭受心脏病困扰的人数增加了。
3005_1	tatoeba	786018	满足	滿足	尽管他很富有，他还是不满足。	儘管他很富有，他還是不滿足。	尽管他很富有，他还是不满足。
3009_1	tatoeba	4262161	过滤	過濾	我从不过滤咖啡。	我從不過濾咖啡。	我從不過濾咖啡。
3010_1	tatoeba	2033413	滥用	濫用	他因滥用公共基金而被捕。	他因濫用公共基金而被捕。	他因滥用公共基金而被捕。
3014_0	authored		淋漓	淋漓	这篇文章写得酣畅淋漓。	這篇文章寫得酣暢淋漓。	
3014_1	authored		漓江	灕江	游客乘船欣赏漓江风光。	遊客乘船欣賞灕江風光。	
3018_1	tatoeba	13920750	哈尔滨	哈爾濱	每年一月，哈尔滨都会举办冰雪节。	每年一月，哈爾濱都會舉辦冰雪節。	每年一月，哈爾濱都會舉辦冰雪節。
3022_1	tatoeba	13887447	沙滩	沙灘	在我出差时你可以去享受沙滩。	在我出差時你可以去享受沙灘。	在我出差时你可以去享受沙滩。
3024_1	tatoeba	343960	荣誉	榮譽	他把这个奖视为最高荣誉。	他把這個獎視為最高榮譽。	他把这个奖视为最高荣誉。
3027_1	authored		窥探	窺探	记者试图窥探明星的私人生活。	記者試圖窺探明星的私人生活。	
3029_1	authored		寝室	寢室	学生们按时回到寝室。	學生們按時回到寢室。	
3030_1	tatoeba	1636241	谨慎	謹慎	按照我的指示小心谨慎地前进。	按照我的指示小心謹慎地前進。	按照我的指示小心謹慎地前進。
3034_1	tatoeba	349714	荒谬	荒謬	这种荒谬的迷信已不复存在了。	這種荒謬的迷信已不復存在了。	這種荒謬的迷信已不復存在了。
3037_0	authored		复辟	復辟	旧王朝企图复辟，但最终失败。	舊王朝企圖復辟，但最終失敗。	
3037_1	tatoeba	13206628	开辟	開闢	开辟新天地。	開闢新天地。	開闢新天地。
3044_1	tatoeba	5948457	束缚	束縛	我想她想要的是束缚与支配。	我想她想要的是束縛與支配。	我想她想要的是束縛與支配。
3046_1	tatoeba	5574683	纠缠	糾纏	为什么我们纠缠细枝末节而不进入正题呢？	為什麼我們糾纏細枝末節而不進入正題呢？	為什麼我們糾纏細枝末節而不進入正題呢？
3047_1	authored		五彩缤纷	五彩繽紛	花园里开满了五彩缤纷的鲜花。	花園裡開滿了五彩繽紛的鮮花。	
3052_1	tatoeba	4757235	累赘	累贅	我知道自己是个累赘，你没必要反复提。	我知道自己是個累贅，你沒必要反覆提。	我知道自己是个累赘，你没必要反复提。
3054_1	authored		城墙	城墻	古老的城墙环绕着城区。	古老的城墻環繞著城區。	
3070_0	tatoeba	2393877	轻蔑	輕蔑	虽然说是穷人，但也不可轻蔑对方。	雖然說是窮人，但也不可輕蔑對方。	虽然说是穷人，但也不可轻蔑对方。
3070_1	authored		诬蔑	誣衊	他公开否认了那些诬蔑之词。	他公開否認了那些誣衊之詞。	
3074_1	tatoeba	8889570	和蔼	和藹	汤姆和玛丽都很和蔼，对吗？	湯姆和瑪麗都很和藹，對嗎？	汤姆和玛丽都很和蔼，对吗？
3079_1	tatoeba	6488759	门槛	門檻	参赛门槛非常高。	參賽門檻非常高。	參賽門檻非常高。
3088_1	authored		酿成	釀成	一次疏忽酿成了严重事故。	一次疏忽釀成了嚴重事故。	
3094_1	tatoeba	330584	愿意	願意	人人都愿意相信美梦可以成真。	人人都願意相信美夢可以成真。	人人都愿意相信美梦可以成真。
3096_1	authored		直辖市	直轄市	北京是中国的直辖市之一。	北京是中國的直轄市之一。	
3097_1	tatoeba	10041953	辗转	輾轉	我辗转反侧，反复思考着白天发生的事，后悔不已。	我輾轉反側，反覆思考著白天發生的事，後悔不已。	我辗转反侧，反复思考着白天发生的事，后悔不已。
3100_1	authored		颗粒	顆粒	药物被制成细小颗粒。	藥物被製成細小顆粒。	
3106_1	tatoeba	5581762	蜡烛	蠟燭	汤姆吹灭了蛋糕上的所有蜡烛。	湯姆吹滅了蛋糕上的所有蠟燭。	汤姆吹灭了蛋糕上的所有蜡烛。
3107_1	tatoeba	889319	苍蝇	蒼蠅	苍蝇和蚊子干扰了他的冥想。	蒼蠅和蚊子干擾了他的冥想。	蒼蠅和蚊子干擾了他的冥想。
3109_1	authored		蝉联	蟬聯	她连续三年蝉联冠军。	她連續三年蟬聯冠軍。	
3112_1	tatoeba	3682924	赚钱	賺錢	经纪人觉得赚钱是无止境的。	經紀人覺得賺錢是無止境的。	经纪人觉得赚钱是无止境的。
3113_1	authored		铁锹	鐵鍬	工人用铁锹铲走积雪。	工人用鐵鍬鏟走積雪。	
3114_1	tatoeba	420114	锻炼	鍛鍊	我已经好久没有去锻炼了。	我已經好久沒有去鍛鍊了。	我已经好久没有去锻炼了。
3115_1	tatoeba	13543299	镀金	鍍金	当我们其他人辛苦工作时，强盗贵族却用镀金餐具吃饭。	當我們其他人辛苦工作時，強盜貴族卻用鍍金餐具吃飯。	當我們其他人辛苦工作時，強盜貴族卻用鍍金餐具吃飯。
3118_1	tatoeba	5418242	稳定	穩定	人们的感情生活越来越不稳定。	人們的感情生活越來越不穩定。	人們的感情生活越來越不穩定。
3122_1	authored		箩筐	籮筐	老人背着箩筐走进山里。	老人揹著籮筐走進山裡。	
3124_1	tatoeba	1609911	吹箫	吹簫	我想让我女朋友给我吹箫但是她不愿意。	我想讓我女朋友給我吹簫但是她不願意。	我想让我女朋友给我吹箫但是她不愿意。
3125_1	tatoeba	454802	舆论	輿論	计划受到舆论的压力而被取消了。	計劃受到輿論的壓力而被取消了。	計劃受到輿論的壓力而被取消了。
3135_1	tatoeba	6299635	朝鲜	朝鮮	熊女是朝鲜神话中的一个重要角色。	熊女是朝鮮神話中的一個重要角色。	熊女是朝鮮神話中的一個重要角色。
3138_1	tatoeba	13844502	馒头	饅頭	馒头是北方人常吃的主食。	饅頭是北方人常吃的主食。	馒头是北方人常吃的主食。
3160_1	authored		潇湘	瀟湘	潇湘常被用来指湖南地区。	瀟湘常被用來指湖南地區。	
3172_1	tatoeba	1923687	比赛	比賽	就算下雨，比赛也将照常进行。	就算下雨，比賽也將照常進行。	就算下雨，比赛也将照常进行。
3177_1	authored		谭嗣同	譚嗣同	谭嗣同是戊戌变法的重要人物。	譚嗣同是戊戌變法的重要人物。	
3181_1	tatoeba	13511187	光谱	光譜	在这堂课上，老师介绍了性别光谱，鼓励学生尊重多元性别认同。	在這堂課上，老師介紹了性別光譜，鼓勵學生尊重多元性別認同。	在这堂課上，老師介绍了性别光谱，鼓励学生尊重多元性別认同。
3187_1	tatoeba	8916882	骡子	騾子	老人在骡子的背上放上了一个个装满了沙的袋子。	老人在騾子的背上放上了一個個裝滿了沙的袋子。	老人在骡子的背上放上了一个个装满了沙的袋子。
3188_1	tatoeba	6140948	缩小	縮小	亚马逊雨林的面积逐年缩小。	亞馬遜雨林的面積逐年縮小。	亞馬遜雨林的面積逐年縮小。
3190_1	authored		撵走	攆走	店主把闹事的人撵走了。	店主把鬧事的人攆走了。	
3206_1	tatoeba	347097	聪明	聰明	他和班上的任何学生一样聪明。	他和班上的任何學生一樣聰明。	他和班上的任何学生一样聪明。
3212_1	authored		蕴藏	藴藏	这片山区蕴藏着丰富的矿产。	這片山區藴藏著豐富的礦產。	
3215_1	tatoeba	13541286	樱桃	櫻桃	小军，来尝尝李阿姨新摘的樱桃。	小軍，來嚐嚐李阿姨新摘的櫻桃。	小軍，來嚐嚐李阿姨新摘的櫻桃。
3221_1	authored		飘荡	飄盪	歌声在夜空中轻轻飘荡。	歌聲在夜空中輕輕飄盪。	
3231_1	authored		青霉素	青黴素	医生给病人注射了青霉素。	醫生給病人注射了青黴素。	
3232_1	tatoeba	2090262	隐瞒	隱瞞	真相就是，你们一再隐瞒了真相。	真相就是，你們一再隱瞞了真相。	真相就是，你们一再隐瞒了真相。
3233_1	tatoeba	332526	问题	問題	如何克服日元升高是个大问题。	如何克服日元升高是個大問題。	如何克服日元升高是个大问题。
3253_1	authored		嘱咐	囑咐	母亲嘱咐孩子路上小心。	母親囑咐孩子路上小心。	
3256_1	tatoeba	13562299	镇压	鎮壓	把镇压身障人权的首尔市长拖出来！	把鎮壓身障人權的首爾市長拖出來！	把鎮壓身障人權的首爾市長拖出來！
3257_1	authored		李昌镐	李昌鎬	李昌镐是韩国著名围棋棋手。	李昌鎬是韓國著名圍棋棋手。	
3258_1	tatoeba	926578	英镑	英鎊	我在这匹马上押五英镑的赌注。	我在這匹馬上押五英鎊的賭注。	我在這匹馬上押五英鎊的賭注。
3266_1	authored		篓子	簍子	他这次可捅了大篓子。	他這次可捅了大簍子。	
3276_1	tatoeba	462140	鲤鱼	鯉魚	鲤鱼和鳟鱼等鱼类生活在淡水中。	鯉魚和鱒魚等魚類生活在淡水中。	鲤鱼和鳟鱼等鱼类生活在淡水中。
3277_1	authored		鲫鱼	鯽魚	池塘里养着许多鲫鱼。	池塘裡養著許多鯽魚。	
3281_1	authored		干瘪	乾癟	久旱使田里的庄稼变得干瘪。	久旱使田裡的莊稼變得乾癟。	
3283_1	tatoeba	6075201	瘫痪	癱瘓	病毒让我的电脑瘫痪了。	病毒讓我的電腦癱瘓了。	病毒让我的电脑瘫痪了。
3285_1	tatoeba	344418	颜色	顔色	你可以选择任何你喜欢的颜色。	你可以選擇任何你喜歡的顔色。	你可以选择任何你喜欢的颜色。
3294_1	tatoeba	765689	鲨鱼	鯊魚	鲨鱼对电子信号和噪音很敏感。	鯊魚對電子訊號和噪音很敏感。	鯊魚對電子信號和噪音很敏感。
3298_1	authored		澜沧江	瀾滄江	澜沧江流经中国和东南亚。	瀾滄江流經中國和東南亞。	
3304_1	authored		总额	總額	本次交易的总额超过亿元。	本次交易的總額超過億元。	
3307_1	tatoeba	812281	谴责	譴責	议员受到了议会道德委员会的谴责。	議員受到了議會道德委員會的譴責。	议员受到了议会道德委员会的谴责。
3308_1	authored		黄鹤楼	黃鶴樓	黄鹤楼位于武汉长江边。	黃鶴樓位於武漢長江邊。	
3314_1	authored		缭绕	繚繞	山间云雾缭绕，宛如仙境。	山間雲霧繚繞，宛如仙境。	
3327_1	tatoeba	1516218	颠倒	顛倒	她被他迷得神魂颠倒。	她被他迷得神魂顛倒。	她被他迷得神魂颠倒。
3339_1	authored		车辙	車轍	雨后泥路上留下深深的车辙。	雨後泥路上留下深深的車轍。	
3350_1	tatoeba	435238	鹦鹉	鸚鵡	鹦鹉懂得模仿人类说话。	鸚鵡懂得模仿人類說話。	鸚鵡懂得模仿人類說話。
3351_1	tatoeba	1788010	赠送	贈送	如果你买了一磅茶的话，这个卖家会免费赠送你一磅糖。	如果你買了一磅茶的話，這個賣家會免費贈送你一磅糖。	如果你买了一磅茶的话，这个卖家会免费赠送你一磅糖。
3354_1	tatoeba	9400770	墨镜	墨鏡	莫纳迪偷了巴亚的墨镜。	莫納迪偷了巴亞的墨鏡。	莫纳迪偷了巴亚的墨镜。
3355_1	tatoeba	1438513	赞成	贊成	很抱歉那个问题我不赞成你。	很抱歉那個問題我不贊成你。	很抱歉那个问题我不赞成你。
3357_1	tatoeba	5780548	篮球	籃球	汤姆和朋友们打了整个下午篮球。	湯姆和朋友們打了整個下午籃球。	汤姆和朋友们打了整个下午篮球。
3360_0	authored		笊篱	笊篱	奶奶用笊篱捞起锅里的饺子。	奶奶用笊篱撈起鍋裡的餃子。	
3360_1	tatoeba	5845595	篱笆	籬笆	我父亲在花园边上装了篱笆。	我父親在花園邊上裝了籬笆。	我父亲在花园边上装了篱笆。
3366_1	authored		捕鲸	捕鯨	国际社会呼吁停止商业捕鲸。	國際社會呼籲停止商業捕鯨。	
3368_1	authored		过瘾	過癮	这场比赛看得真过瘾。	這場比賽看得真過癮。	
3372_1	tatoeba	9970749	辩论	辯論	汤姆和玛丽无时无刻不在辩论。	湯姆和瑪麗無時無刻不在辯論。	汤姆和玛丽无时无刻不在辩论。
3377_1	tatoeba	797541	濒临	瀕臨	这是一个濒临灭绝的物种。	這是一個瀕臨滅絕的物種。	这是一个濒临灭绝的物种。
3380_1	tatoeba	13826017	懒得	懶得	退货手续很繁琐，我懒得去办。	退貨手續很繁瑣，我懶得去辦。	退貨手續很繁瑣，我懶得去辦。
3386_1	authored		信马游缰	信馬游繮	他骑着马信马游缰地走在草原上。	他騎著馬信馬游繮地走在草原上。	
3387_1	authored		缴纳	繳納	企业必须按时缴纳税款。	企業必須按時繳納稅款。	
3405_1	authored		瞩目	矚目	这项新技术受到全球瞩目。	這項新技術受到全球矚目。	
3414_1	tatoeba	8143518	赡养	贍養	等父母老了，我会赡养他们。	等父母老了，我會贍養他們。	等父母老了，我会赡养他们。
3424_1	tatoeba	7781739	鳄鱼	鰐魚	鳄鱼有尖利的牙齿。	鰐魚有尖利的牙齒。	鳄鱼有尖利的牙齿。
3426_1	tatoeba	13545610	辫子	辮子	汤姆有时会把胡子编成辫子。	湯姆有時會把鬍子編成辮子。	湯姆有時會把鬍子編成辮子。
3427_1	tatoeba	759039	赢得	贏得	他的英勇行为使他赢得了尊重。	他的英勇行為使他贏得了尊重。	他的英勇行為使他贏得了尊重。
3436_1	authored		步骤	步驟	请按照说明中的步骤操作。	請按照說明中的步驟操作。	
3443_1	authored		喧嚣	喧囂	我想暂时离开城市的喧嚣。	我想暫時離開城市的喧囂。	
3444_1	tatoeba	8930184	镰刀	鐮刀	锤子与镰刀代表共产主义。	錘子與鐮刀代表共產主義。	锤子与镰刀代表共产主义。
3446_1	authored		白鳍豚	白鰭豚	白鳍豚曾生活在长江中下游。	白鰭豚曾生活在長江中下游。	
3447_1	authored		猎鹰	獵鷹	猎鹰从高空俯冲下来捕捉猎物。	獵鷹從高空俯衝下來捕捉獵物。	
3461_1	tatoeba	13867630	巅峰	巔峰	即便身处如日中天的巅峰，她依然保持低调，从不以此自矜。	即便身處如日中天的巔峰，她依然保持低調，從不以此自矜。	即便身處如日中天的巔峰，她依然保持低調，從不以此自矜。
3465_1	tatoeba	791353	颤抖	顫抖	即使您的声音颤抖，也要说出事实。	即使您的聲音顫抖，也要說出事實。	即使您的声音颤抖，也要说出事实。
3467_1	authored		牛皮癣	牛皮癬	牛皮癣是一种慢性皮肤病。	牛皮癬是一種慢性皮膚病。	
3470_1	authored		瓮中之鳖	甕中之鱉	敌军已经成为瓮中之鳖。	敵軍已經成為甕中之鱉。	
3473_1	authored		鬓发	鬢髮	老人的鬓发已经花白。	老人的鬢髮已經花白。	
3483_1	tatoeba	13577834	鳞片	鱗片	蛇属于爬行类，它们用腹部鳞片爬行。	蛇屬於爬行類，它們用腹部鱗片爬行。	蛇屬於爬行類，牠們用腹部鱗片爬行。
3492_1	authored		蹂躏	蹂躪	战争无情地蹂躏了这片土地。	戰爭無情地蹂躪了這片土地。	
3495_1	authored		赣州	贛州	赣州位于江西省南部。	贛州位於江西省南部。	
3497_1	tatoeba	1330046	镶嵌	鑲嵌	埃菲尔铁塔镶嵌在巴黎的中心。	埃菲爾鐵塔鑲嵌在巴黎的中心。	埃菲尔铁塔镶嵌在巴黎的中心。
