order	source_mapping	simplified	traditional	pinyin	taiwan_pinyin	meaning	simplified_sentence	traditional_sentence	example_source	example_source_id	source_sentence	pinyin_source	taiwan_pinyin_source
1	6554_1	冬衣	冬衣	dōng yī		winter clothes	工匠把纩填进冬衣。	工匠把纊填進冬衣。	preexisting			CC-CEDICT	
2	6582_1	木器	木器	mù qì		wooden articles	古代木器或植物记录中可见杩。	古代木器或植物記錄中可見榪。	preexisting			CC-CEDICT	
3	6624_1	出征	出征	chū zhēng		to go into battle	军队出征前举行祃祭。	軍隊出征前舉行禡祭。	preexisting			CC-CEDICT	
4	6630_1	修整	修整	xiū zhěng		to spruce up	弓匠正在修整𫸩。	弓匠正在修整彄。	preexisting			CC-CEDICT	
5	6639_1	连夜	連夜	lián yè		that very night	使者乘驲连夜赶路。	使者乘馹連夜趕路。	preexisting			CC-CEDICT	
6	6706_1	以下	以下	yǐ xià		that level or lower	自郐以下是一个成语或固定说法。	自鄶以下是一個成語或固定說法。	authored	level-3/6706_1	自郐以下是一个成语或固定说法。	CC-CEDICT	
7	6744_1	姿容	姿容	zī róng		looks	古文称她姿容𫰛美。	古文稱她姿容娙美。	preexisting			CC-CEDICT	
8	6745_1	迳庭	逕庭	jìng tíng		very different	迳庭是一个较少见的词语。	逕庭是一個較少見的詞語。	authored	level-3/6745_1	迳庭是一个较少见的词语。	CC-CEDICT	
9	6753_1	执绋	執紼	zhí fú		to attend a funeral	执绋是一个较少见的词语。	執紼是一個較少見的詞語。	authored	level-3/6753_1	执绋是一个较少见的词语。	CC-CEDICT	
10	6932_1	称赞	稱讚	chēng zàn		to praise	史书称赞他的𪟝。	史書稱讚他的勣。	preexisting			CC-CEDICT	
11	6958_1	枝桠	枝椏	zhī yā		branch	枝桠是一个较少见的词语。	枝椏是一個較少見的詞語。	authored	level-3/6958_1	枝桠是一个较少见的词语。	CC-CEDICT	
12	6967_1	听见	聽見	tīng jiàn		to hear	他听见呼声便𫠆首。	他聽見呼聲便頍首。	preexisting			CC-CEDICT	
13	6967_1	呼声	呼聲	hū shēng		a shout	他听见呼声便𫠆首。	他聽見呼聲便頍首。	preexisting			CC-CEDICT	
14	6981_1	不赀	不貲	bù zī		immeasurable	不赀是一个较少见的词语。	不貲是一個較少見的詞語。	authored	level-3/6981_1	不赀是一个较少见的词语。	CC-CEDICT	
15	6991_1	余晖	餘暉	yú huī		twilight	余晖是一个较少见的词语。	餘暉是一個較少見的詞語。	authored	level-3/6991_1	余晖是一个较少见的词语。	CC-CEDICT	
16	7029_1	鹡鸰	鶺鴒	jí líng		wagtail	鹡鸰是一种鸟。	鶺鴒是一種鳥。	authored	level-3/7029_1	鹡鸰是一种鸟。	CC-CEDICT	
17	7053_1	饭菜	飯菜	fàn cài		food	厨师把饭菜重新𬊈热。	廚師把飯菜重新燖熱。	preexisting			CC-CEDICT	
18	7074_1	幽静	幽靜	yōu jìng		quiet	山谷窎远而幽静。	山谷窵遠而幽靜。	preexisting			CC-CEDICT	
19	7095_1	布衣	布衣	bù yī		plain cotton clothing	古人用绤制作粗布衣。	古人用綌製作粗布衣。	preexisting			CC-CEDICT	
20	7117_1	千金	千金	qiān jīn		thousand jin 斤 of gold	一壸千金是一个成语或固定说法。	一壼千金是一個成語或固定說法。	authored	level-3/7117_1	一壸千金是一个成语或固定说法。	CC-CEDICT	
21	7144_1	贝壳	貝殼	bèi ké		shell	这只贝壳的厣很完整。	這隻貝殼的厴很完整。	preexisting			CC-CEDICT	
22	7161_1	容貌	容貌	róng mào		one's appearance	古文赞其容貌𬱖美。	古文讚其容貌頔美。	preexisting			CC-CEDICT	
23	7336_1	酦酵	醱酵	fā jiào	pò xiào	fermentation	酦酵是一种材料或化学物质。	醱酵是一種材料或化學物質。	authored	level-3/7336_1	酦酵是一种材料或化学物质。	CC-CEDICT	Taiwan MOE Concise Dictionary
24	7406_1	水生	水生	shuǐ shēng		aquatic	鲃鱼是一种鱼类或水生动物。	䰾魚是一種魚類或水生動物。	authored	level-3/7406_1	鲃鱼是一种鱼类或水生动物。	CC-CEDICT	
25	7414_1	出发	出發	chū fā		to set off	军队出发前先𫷷备车马。	軍隊出發前先廞備車馬。	preexisting			CC-CEDICT	
26	7414_1	车马	車馬	chē mǎ		vehicles and horses	军队出发前先𫷷备车马。	軍隊出發前先廞備車馬。	preexisting			CC-CEDICT	
27	7458_1	举火	舉火	jǔ huǒ		to light a fire	束缊举火是一个成语或固定说法。	束緼舉火是一個成語或固定說法。	authored	level-3/7458_1	束缊举火是一个成语或固定说法。	CC-CEDICT	
28	7503_1	文献	文獻	wén xiàn		reference material	传统饮食文献中出现了𬪩。	傳統飲食文獻中出現了醲。	preexisting			CC-CEDICT	
29	7526_1	丧礼	喪禮	sāng lǐ		funeral	古代丧礼中有赗赠礼。	古代喪禮中有賵贈禮。	preexisting			CC-CEDICT	
30	7579_1	楼上	樓上	lóu shàng		upstairs	楼上的阘已经关好。	樓上的闒已經關好。	preexisting			CC-CEDICT	
31	7602_1	服饰	服飾	fú shì		apparel	古代服饰记录中出现了𫌀。	古代服飾記錄中出現了襀。	preexisting			CC-CEDICT	
32	7683_1	罚锾	罰鍰	fá huán		a fine	罚锾是一个较少见的词语。	罰鍰是一個較少見的詞語。	authored	level-3/7683_1	罚锾是一个较少见的词语。	CC-CEDICT	
33	7786_1	皇甫	皇甫	huáng fǔ		two-character surname Huangfu	皇甫镈是一个人名。	皇甫鎛是一個人名。	authored	level-3/7786_1	皇甫镈是一个人名。	CC-CEDICT	
34	7811_1	鲽鹣	鰈鶼	dié jiān		harmonious and affectionate couple	鲽鹣是一个较少见的词语。	鰈鶼是一個較少見的詞語。	authored	level-3/7811_1	鲽鹣是一个较少见的词语。	CC-CEDICT	
35	7878_1	族谱	族譜	zú pǔ		genealogical record	族谱中记载了篯姓。	族譜中記載了籛姓。	preexisting			CC-CEDICT	
36	7885_1	鲭鱼	鯖魚	qīng yú		mackerel	鲭鱼是一种鱼类或水生动物。	鯖魚是一種魚類或水生動物。	authored	level-3/7885_1	鲭鱼是一种鱼类或水生动物。	CC-CEDICT	
37	7912_1	黉舍	黌舍	hóng shè		school building	黉舍是一种器物。	黌舍是一種器物。	authored	level-3/7912_1	黉舍是一种器物。	CC-CEDICT	
38	7983_1	考古	考古	kǎo gǔ		archaeology	考古记录中提到了鬶。	考古記錄中提到了鬹。	preexisting			CC-CEDICT	
39	8049_1	武士	武士	wǔ shì		warrior	武士彟是一个人名。	武士彠是一個人名。	authored	level-3/8049_1	武士彟是一个人名。	CC-CEDICT	
