number	principal_radical	prompt	english	hanyu_pinyin	strokes	attached_forms
1	一	一	one	yī	1	
2	丨	丨	line	gǔn	1	亅
3	丿	丿	slash	piě	1	
4	丶	丶	dot	zhǔ	1	
5	乛	乛	fold	zhé	1	㇆、⺄、乚、乙
6	十	十	ten	shí	2	
7	厂	厂	cliff	hǎn	2	⺁
8	匚	匚	right open box	fāng	2	
9	卜	卜	divination	bǔ	2	⺊
10	冂	冂	down box	jiōng	2	⺆
11	八	八	eight	bā	2	丷
12	人	人	person	rén	2	亻、入
13	勹	勹	wrap	bāo	2	
14	儿	儿	legs	ér	2	
15	匕	匕	ladle	bǐ	2	
16	几	几	table	jī	2	⺇
17	亠	亠	lid	tóu	2	
18	冫	冫	ice	bīng	2	
19	冖	冖	cover	mì	2	
20	凵	凵	open box	kǎn	2	
21	卩	卩	seal	jié	2	⺋
22	刀	刀	knife	dāo	2	刂、⺈
23	力	力	power	lì	2	
24	又	又	again	yòu	2	
25	厶	厶	private	sī	2	
26	廴	廴	stride	yǐn	2	
27	干	干	dry	gān	3	
28	工	工	work	gōng	3	
29	土	土	earth	tǔ	3	士
30	艹	艹	grass	cǎo	3	艸
31	寸	寸	inch	cùn	3	
32	廾	廾	hands joined	gǒng	3	
33	大	大	big	dà	3	
34	尢	尢	lame	wāng	3	兀、尣
35	弋	弋	shoot with a bow	yì	3	
36	小	小	small	xiǎo	3	⺌
37	口	口	mouth	kǒu	3	
38	囗	囗	enclosure	wéi	3	
39	山	山	mountain	shān	3	
40	巾	巾	towel	jīn	3	
41	彳	彳	step	chì	3	
42	彡	彡	hair	shān	3	
43	夕	夕	night	xī	3	
44	夂	夂	go	zhǐ	3	
45	丬	丬	split wood	qiáng	3	爿
46	广	广	shelter	yǎn	3	
47	门	门	gate	mén	3	門
48	宀	宀	roof	mián	3	
49	辶	辶	walk	chuò	3	辵
50	彐	彐	snout	jì	3	彑
51	尸	尸	corpse	shī	3	
52	己	己	oneself	jǐ	3	已、巳
53	弓	弓	bow	gōng	3	
54	子	子	child	zǐ	3	
55	屮	屮	sprout	chè	3	
56	女	女	woman	nǚ	3	
57	飞	飞	fly	fēi	3	飛
58	马	马	horse	mǎ	3	馬
59	幺	幺	short thread	yāo	3	
60	巛	巛	river	chuān	3	
61	王	王	jade; king	wáng	4	玉
62	无	无	not	wú	4	旡
63	韦	韦	soft leather	wéi	4	韋
64	木	木	tree	mù	4	朩
65	支	支	branch	zhī	4	
66	犬	犬	dog	quǎn	4	犭
67	歹	歹	death	dǎi	4	歺
68	车	车	cart	chē	4	車
69	牙	牙	tooth	yá	4	
70	戈	戈	spear	gē	4	
71	比	比	compare	bǐ	4	
72	瓦	瓦	tile	wǎ	4	
73	止	止	stop	zhǐ	4	
74	攴	攴	rap	pū	4	攵
75	日	日	sun	rì	4	⺜、曰
76	贝	贝	shell	bèi	4	貝
77	水	水	water	shuǐ	4	氵、氺
78	见	见	see	jiàn	4	見
79	牛	牛	cow	niú	4	牜
80	手	手	hand	shǒu	4	扌、龵
81	气	气	steam	qì	4	
82	毛	毛	fur	máo	4	
83	长	长	long	cháng	4	镸、長
84	片	片	slice	piàn	4	
85	斤	斤	axe	jīn	4	
86	爪	爪	claw	zhǎo	4	爫
87	父	父	father	fù	4	
88	月	月	moon	yuè	4	⺝
89	氏	氏	clan	shì	4	
90	欠	欠	lack	qiàn	4	
91	风	风	wind	fēng	4	風
92	殳	殳	weapon	shū	4	
93	文	文	script	wén	4	
94	方	方	square	fāng	4	
95	火	火	fire	huǒ	4	灬
96	斗	斗	dipper	dǒu	4	
97	户	户	door	hù	4	
98	心	心	heart	xīn	4	忄、⺗
99	毋	毋	do not	wú	4	母
100	示	示	spirit	shì	5	礻
101	甘	甘	sweet	gān	5	
102	石	石	stone	shí	5	
103	龙	龙	dragon	lóng	5	龍
104	业	业	industry	yè	5	
105	目	目	eye	mù	5	
106	田	田	field	tián	5	
107	罒	罒	net	wǎng	5	
108	皿	皿	dish	mǐn	5	
109	生	生	life	shēng	5	
110	矢	矢	arrow	shǐ	5	
111	禾	禾	grain	hé	5	
112	白	白	white	bái	5	
113	瓜	瓜	melon	guā	5	
114	鸟	鸟	bird	niǎo	5	鳥
115	疒	疒	sickness	nè	5	
116	立	立	stand	lì	5	
117	穴	穴	cave	xué	5	
118	疋	疋	bolt of cloth	pǐ	5	⺪
119	皮	皮	skin	pí	5	
120	癶	癶	footsteps	bō	5	
121	矛	矛	spear	máo	5	
122	耒	耒	plough	lěi	6	
123	老	老	old	lǎo	6	耂
124	耳	耳	ear	ěr	6	
125	臣	臣	minister	chén	6	
126	覀	覀	west	yà	6	襾、西
127	而	而	and	ér	6	
128	页	页	leaf	yè	6	頁
129	至	至	arrive	zhì	6	
130	虍	虍	tiger	hū	6	虎
131	虫	虫	insect	chóng	6	
132	肉	肉	meat	ròu	6	
133	缶	缶	jar	fǒu	6	
134	舌	舌	tongue	shé	6	
135	竹	竹	bamboo	zhú	6	⺮
136	臼	臼	mortar	jiù	6	⺽
137	自	自	oneself	zì	6	
138	血	血	blood	xuè	6	
139	舟	舟	boat	zhōu	6	
140	色	色	colour	sè	6	
141	齐	齐	even	qí	6	齊
142	衣	衣	clothes	yī	6	衤
143	羊	羊	sheep	yáng	6	⺶、⺷
144	米	米	rice	mǐ	6	
145	聿	聿	brush	yù	6	肀、⺻
146	艮	艮	stopping	gèn	6	
147	羽	羽	feather	yǔ	6	
148	糸	糸	silk	mì	6	纟、糹
149	麦	麦	wheat	mài	7	麥
150	走	走	walk	zǒu	7	
151	赤	赤	red	chì	7	
152	豆	豆	bean	dòu	7	
153	酉	酉	wine	yǒu	7	
154	辰	辰	morning	chén	7	
155	豕	豕	pig	shǐ	7	
156	卤	卤	salt	lǔ	7	鹵
157	里	里	village	lǐ	7	
158	足	足	foot	zú	7	⻊
159	邑	邑	city	yì	7	阝（right）
160	身	身	body	shēn	7	
161	釆	釆	distinguish	biàn	7	
162	谷	谷	valley	gǔ	7	
163	豸	豸	badger	zhì	7	
164	龟	龟	turtle	guī	7	龜
165	角	角	horn	jiǎo	7	
166	言	言	speech	yán	7	讠
167	辛	辛	bitter	xīn	7	
168	青	青	blue	qīng	8	
169	龺	龺	component used in 卓	zhuó	8	
170	雨	雨	rain	yǔ	8	
171	非	非	wrong	fēi	8	
172	齿	齿	tooth	chǐ	8	齒
173	黾	黾	frog	mǐn	8	黽
174	隹	隹	short-tailed bird	zhuī	8	
175	阜	阜	mound	fù	8	阝（left）
176	金	金	metal	jīn	8	钅
177	鱼	鱼	fish	yú	8	魚
178	隶	隶	slave	lì	8	
179	革	革	leather	gé	9	
180	面	面	face	miàn	9	
181	韭	韭	leek	jiǔ	9	
182	骨	骨	bone	gǔ	9	
183	香	香	fragrant	xiāng	9	
184	鬼	鬼	ghost	guǐ	9	
185	食	食	eat	shí	9	饣、飠
186	音	音	sound	yīn	9	
187	首	首	head	shǒu	9	
188	髟	髟	long hair	biāo	10	
189	鬲	鬲	cauldron	lì	10	
190	鬥	斗 (simplified form of 鬥)	struggle	dòu	4	
191	高	高	high	gāo	10	
192	黄	黄	yellow	huáng	11	黃
193	麻	麻	hemp	má	11	
194	鹿	鹿	deer	lù	11	
195	鼎	鼎	tripod	dǐng	12	
196	黑	黑	black	hēi	12	
197	黍	黍	millet	shǔ	12	
198	鼓	鼓	drum	gǔ	13	
199	鼠	鼠	rat	shǔ	13	
200	鼻	鼻	nose	bí	14	
201	龠	龠	flute	yuè	17	
