rank	corpus_frequency_rank	character	frequency	percentage	moe_common_character_number	unihan_krsunicode	radical_number	radical	selection_note
1801	1805	呂	64	0.00530	525	30.4	30	口	Unihan kRSUnicode single radical assignment
1802	1806	眉	64	0.00530	2763	109.4	109	目	Unihan kRSUnicode single radical assignment
1803	1807	茂	64	0.00530	3451	140.5	140	艸	Unihan kRSUnicode single radical assignment
1804	1808	恢	64	0.00530	1338	61.6	61	心	Unihan kRSUnicode single radical assignment
1805	1809	狸	64	0.00530	2522	94.7	94	犬	Unihan kRSUnicode single radical assignment
1806	1810	凍	64	0.00530	313	15.8	15	冫	Unihan kRSUnicode single radical assignment
1807	1811	純	64	0.00530	3094	120.4	120	糸	Unihan kRSUnicode single radical assignment
1808	1812	疾	64	0.00530	2666	104.5	104	疒	Unihan kRSUnicode single radical assignment
1809	1813	瓷	64	0.00530	2616	98.6	98	瓦	Unihan kRSUnicode single radical assignment
1810	1814	稚	64	0.00530	2932	115.8	115	禾	Unihan kRSUnicode single radical assignment
1811	1815	蒼	64	0.00530	3546	140.10	140	艸	Unihan kRSUnicode single radical assignment
1812	1816	韓	64	0.00530	4527	178.8	178	韋	Unihan kRSUnicode single radical assignment
1813	1817	頻	64	0.00530	4553	181.7	181	頁	Unihan kRSUnicode single radical assignment
1814	1818	屁	63	0.00521	1080	44.4	44	尸	Unihan kRSUnicode single radical assignment
1815	1819	坦	63	0.00521	761	32.5	32	土	Unihan kRSUnicode single radical assignment
1816	1820	疼	63	0.00521	2672	104.5	104	疒	Unihan kRSUnicode single radical assignment
1817	1821	脖	63	0.00521	3332	130.7	130	肉	Unihan kRSUnicode single radical assignment
1818	1822	笛	63	0.00521	2992	118.5	118	竹	Unihan kRSUnicode single radical assignment
1819	1823	蝕	63	0.00521	3655	142.9	142	虫	Unihan kRSUnicode single radical assignment
1820	1824	穀	63	0.00521	2940	115.10	115	禾	Unihan kRSUnicode single radical assignment
1821	1825	凝	63	0.00521	318	15.14	15	冫	Unihan kRSUnicode single radical assignment
1822	1826	澆	63	0.00521	2331	85.12	85	水	Unihan kRSUnicode single radical assignment
1823	1827	蝴	63	0.00521	3657	142.9	142	虫	Unihan kRSUnicode single radical assignment
1824	1828	錦	63	0.00521	4317	167.8	167	金	Unihan kRSUnicode single radical assignment
1825	1829	藤	63	0.00521	3589	140.15	140	艸	Unihan kRSUnicode single radical assignment
1826	1830	旦	62	0.00513	1772	72.1	72	日	Unihan kRSUnicode single radical assignment
1827	1831	峰	62	0.00513	1119	46.7	46	山	Unihan kRSUnicode single radical assignment
1828	1832	悅	62	0.00513	1359	61.7	61	心	Unihan kRSUnicode single radical assignment
1829	1833	陷	62	0.00513	4428	170.8	170	阜	Unihan kRSUnicode single radical assignment
1830	1834	梨	62	0.00513	1950	75.7	75	木	Unihan kRSUnicode single radical assignment
1831	1835	瑟	62	0.00513	2587	96.9	96	玉	Unihan kRSUnicode single radical assignment
1832	1836	厭	62	0.00513	464	27.12	27	厂	Unihan kRSUnicode single radical assignment
1833	1837	腐	62	0.00513	3344	130.8	130	肉	Unihan kRSUnicode single radical assignment
1834	1838	撥	62	0.00513	1666	64.12	64	手	Unihan kRSUnicode single radical assignment
1835	1839	慕	62	0.00513	1428	61.11	61	心	Unihan kRSUnicode single radical assignment
1836	1840	療	62	0.00513	2706	104.12	104	疒	Unihan kRSUnicode single radical assignment
1837	1841	遵	62	0.00513	4183	162.12	162	辵	Unihan kRSUnicode single radical assignment
1838	1842	膽	62	0.00513	3374	130.13	130	肉	Unihan kRSUnicode single radical assignment
1839	1843	串	61	0.00505	21	2.6	2	丨	Unihan kRSUnicode single radical assignment
1840	1844	拇	61	0.00505	1542	64.5	64	手	Unihan kRSUnicode single radical assignment
1841	1845	泊	61	0.00505	2182	85.5	85	水	Unihan kRSUnicode single radical assignment
1842	1846	捐	61	0.00505	1581	64.7	64	手	Unihan kRSUnicode single radical assignment
1843	1847	娜	61	0.00505	928	38.7	38	女	Unihan kRSUnicode single radical assignment
1844	1848	械	61	0.00505	1942	75.7	75	木	Unihan kRSUnicode single radical assignment
1845	1849	棚	61	0.00505	1972	75.8	75	木	Unihan kRSUnicode single radical assignment
1846	1850	碗	61	0.00505	2844	112.8	112	石	Unihan kRSUnicode single radical assignment
1847	1851	駛	61	0.00505	4629	187.5	187	馬	Unihan kRSUnicode single radical assignment
1848	1852	螞	61	0.00505	3668	142.10	142	虫	Unihan kRSUnicode single radical assignment
1849	1853	礎	61	0.00505	2871	112.13	112	石	Unihan kRSUnicode single radical assignment
1850	1854	籍	61	0.00505	3048	118.14	118	竹	Unihan kRSUnicode single radical assignment
1851	1855	鬍	61	0.00505	4675	190.9	190	髟	Unihan kRSUnicode single radical assignment
1852	1856	申	60	0.00497	2635	102.0	102	田	Unihan kRSUnicode single radical assignment
1853	1857	屈	60	0.00497	1083	44.5	44	尸	Unihan kRSUnicode single radical assignment
1854	1858	廷	60	0.00497	1235	54.4	54	廴	Unihan kRSUnicode single radical assignment
1855	1859	岳	60	0.00497	1112	46.5	46	山	Unihan kRSUnicode single radical assignment
1856	1860	盆	60	0.00497	2739	108.4	108	皿	Unihan kRSUnicode single radical assignment
1857	1861	羿	60	0.00497	3232	124.3	124	羽	Unihan kRSUnicode single radical assignment
1858	1862	桂	60	0.00497	1916	75.6	75	木	Unihan kRSUnicode single radical assignment
1859	1863	割	60	0.00497	366	18.10	18	刀	Unihan kRSUnicode single radical assignment
1860	1864	韻	60	0.00497	4534	180.10	180	音	Unihan kRSUnicode single radical assignment
1861	1865	欲	60	0.00497	2055	76.7	76	欠	Unihan kRSUnicode single radical assignment
1862	1866	愚	60	0.00497	1399	61.9	61	心	Unihan kRSUnicode single radical assignment
1863	1867	軻	60	0.00497	4069	159.5	159	車	Unihan kRSUnicode single radical assignment
1864	1868	溜	60	0.00497	2293	85.10	85	水	Unihan kRSUnicode single radical assignment
1865	1869	傾	60	0.00497	230	9.11	9	人	Unihan kRSUnicode single radical assignment
1866	1870	琳	60	0.00497	2578	96.8	96	玉	Unihan kRSUnicode single radical assignment
1867	1871	徹	60	0.00497	1301	60.12	60	彳	Unihan kRSUnicode single radical assignment
1868	1872	董	60	0.00497	3531	140.9	140	艸	Unihan kRSUnicode single radical assignment
1869	1873	輛	60	0.00497	4081	159.8	159	車	Unihan kRSUnicode single radical assignment
1870	1874	糟	60	0.00497	3075	119.11	119	米	Unihan kRSUnicode single radical assignment
1871	1875	喂	60	0.00497	627	30.9	30	口	Unihan kRSUnicode single radical assignment
1872	1876	予	59	0.00488	47	6.3	6	亅	Unihan kRSUnicode single radical assignment
1873	1877	摘	59	0.00488	1650	64.11	64	手	Unihan kRSUnicode single radical assignment
1874	1878	狂	59	0.00488	2510	94.4	94	犬	Unihan kRSUnicode single radical assignment
1875	1879	范	59	0.00488	3444	140.5	140	艸	Unihan kRSUnicode single radical assignment
1876	1880	盼	59	0.00488	2766	109.4	109	目	Unihan kRSUnicode single radical assignment
1877	1881	役	59	0.00488	1277	60.4	60	彳	Unihan kRSUnicode single radical assignment
1878	1882	翰	59	0.00488	3244	124.10	124	羽	Unihan kRSUnicode single radical assignment
1879	1883	蕉	59	0.00488	3567	140.12	140	艸	Unihan kRSUnicode single radical assignment
1880	1884	鍵	59	0.00488	4321	167.9	167	金	Unihan kRSUnicode single radical assignment
1881	1885	襲	59	0.00488	3760	145.16	145	衣	Unihan kRSUnicode single radical assignment
1882	1886	礙	59	0.00488	2872	112.14	112	石	Unihan kRSUnicode single radical assignment
1883	1887	宏	58	0.00480	1012	40.4	40	宀	Unihan kRSUnicode single radical assignment
1884	1888	箏	58	0.00480	3016	118.8	118	竹	Unihan kRSUnicode single radical assignment
1885	1889	狠	58	0.00480	2517	94.6	94	犬	Unihan kRSUnicode single radical assignment
1886	1890	添	58	0.00480	2222	85.8	85	水	Unihan kRSUnicode single radical assignment
1887	1891	喬	58	0.00480	641	30.9	30	口	Unihan kRSUnicode single radical assignment
1888	1892	蜥	58	0.00480	3652	142.8	142	虫	Unihan kRSUnicode single radical assignment
1889	1893	苗	58	0.00480	3454	140.5	140	艸	Unihan kRSUnicode single radical assignment
1890	1894	瘦	58	0.00480	2701	104.10	104	疒	Unihan kRSUnicode single radical assignment
1891	1895	踢	58	0.00480	4023	157.8	157	足	Unihan kRSUnicode single radical assignment
1892	1896	懸	58	0.00480	1460	61.16	61	心	Unihan kRSUnicode single radical assignment
1893	1897	匆	57	0.00472	409	20.3	20	勹	Unihan kRSUnicode single radical assignment
1894	1898	伐	57	0.00472	94	9.4	9	人	Unihan kRSUnicode single radical assignment
1895	1899	批	57	0.00472	1514	64.4	64	手	Unihan kRSUnicode single radical assignment
1896	1900	夥	57	0.00472	845	36.11	36	夕	Unihan kRSUnicode single radical assignment
1897	1901	祈	57	0.00472	2883	113.4	113	示	Unihan kRSUnicode single radical assignment
1898	1902	茄	57	0.00472	3449	140.5	140	艸	Unihan kRSUnicode single radical assignment
1899	1904	帳	57	0.00472	1177	50.8	50	巾	Unihan kRSUnicode single radical assignment
1900	1905	采	57	0.00472	4253	165.1	165	釆	Unihan kRSUnicode single radical assignment
1901	1906	潛	57	0.00472	2333	85.12	85	水	Unihan kRSUnicode single radical assignment
1902	1907	嶼	57	0.00472	1138	46.14	46	山	Unihan kRSUnicode single radical assignment
1903	1908	簧	57	0.00472	3036	118.12	118	竹	Unihan kRSUnicode single radical assignment
1904	1909	鍋	57	0.00472	4324	167.9	167	金	Unihan kRSUnicode single radical assignment
1905	1910	繡	57	0.00472	3180	120.12	120	糸	Unihan kRSUnicode single radical assignment
1906	1911	贊	57	0.00472	3977	154.12	154	貝	Unihan kRSUnicode single radical assignment
1907	1912	慰	56	0.00463	1431	61.11	61	心	Unihan kRSUnicode single radical assignment
1908	1913	憲	56	0.00463	1442	61.12	61	心	Unihan kRSUnicode single radical assignment
1909	1914	邦	56	0.00463	4203	163.4	163	邑	Unihan kRSUnicode single radical assignment
1910	1915	駕	56	0.00463	4631	187.5	187	馬	Unihan kRSUnicode single radical assignment
1911	1916	哀	56	0.00463	564	30.6	30	口	Unihan kRSUnicode single radical assignment
1912	1917	謂	56	0.00463	3868	149.9	149	言	Unihan kRSUnicode single radical assignment
1913	1918	梁	56	0.00463	1932	75.7	75	木	Unihan kRSUnicode single radical assignment
1914	1919	窩	56	0.00463	2969	116.9	116	穴	Unihan kRSUnicode single radical assignment
1915	1920	漠	56	0.00463	2304	85.11	85	水	Unihan kRSUnicode single radical assignment
1916	1921	醉	56	0.00463	4241	164.8	164	酉	Unihan kRSUnicode single radical assignment
1917	1922	膜	56	0.00463	3361	130.11	130	肉	Unihan kRSUnicode single radical assignment
1918	1923	犬	56	0.00463	2507	94.0	94	犬	Unihan kRSUnicode single radical assignment
1919	1924	抹	56	0.00463	1529	64.5	64	手	Unihan kRSUnicode single radical assignment
1920	1925	桿	56	0.00463	1937	75.7	75	木	Unihan kRSUnicode single radical assignment
1921	1926	趁	56	0.00463	3995	156.5	156	走	Unihan kRSUnicode single radical assignment
1922	1927	帆	55	0.00455	1163	50.3	50	巾	Unihan kRSUnicode single radical assignment
1923	1928	弗	55	0.00455	1249	57.2	57	弓	Unihan kRSUnicode single radical assignment
1924	1929	圾	55	0.00455	753	32.4	32	土	Unihan kRSUnicode single radical assignment
1925	1930	垃	55	0.00455	756	32.5	32	土	Unihan kRSUnicode single radical assignment
1926	1931	炸	55	0.00455	2400	86.5	86	火	Unihan kRSUnicode single radical assignment
1927	1932	泌	55	0.00455	2160	85.5	85	水	Unihan kRSUnicode single radical assignment
1928	1933	祕	55	0.00455	2885	113.5	113	示	Unihan kRSUnicode single radical assignment
1929	1934	啄	55	0.00455	603	30.8	30	口	Unihan kRSUnicode single radical assignment
1930	1935	惱	55	0.00455	1394	61.9	61	心	Unihan kRSUnicode single radical assignment
1931	1936	瞪	55	0.00455	2802	109.12	109	目	Unihan kRSUnicode single radical assignment
1932	1937	滔	55	0.00455	2295	85.10	85	水	Unihan kRSUnicode single radical assignment
1933	1938	碧	55	0.00455	2852	112.9	112	石	Unihan kRSUnicode single radical assignment
1934	1939	誌	55	0.00455	3832	149.7	149	言	Unihan kRSUnicode single radical assignment
1935	1940	闆	55	0.00455	4394	169.9	169	門	Unihan kRSUnicode single radical assignment
1936	1941	猶	55	0.00455	2529	94.9	94	犬	Unihan kRSUnicode single radical assignment
1937	1942	糧	55	0.00455	3077	119.12	119	米	Unihan kRSUnicode single radical assignment
1938	1943	脊	54	0.00447	3330	130.6	130	肉	Unihan kRSUnicode single radical assignment
1939	1944	唯	54	0.00447	612	30.8	30	口	Unihan kRSUnicode single radical assignment
1940	1945	爽	54	0.00447	2476	89.7	89	爻	Unihan kRSUnicode single radical assignment
1941	1946	控	54	0.00447	1587	64.8	64	手	Unihan kRSUnicode single radical assignment
1942	1947	訝	54	0.00447	3795	149.4	149	言	Unihan kRSUnicode single radical assignment
1943	1948	辯	54	0.00447	4108	160.14	160	辛	Unihan kRSUnicode single radical assignment
1944	1949	慘	54	0.00447	1423	61.11	61	心	Unihan kRSUnicode single radical assignment
1945	1950	銳	54	0.00447	4303	167.7	167	金	Unihan kRSUnicode single radical assignment
1946	1951	劑	54	0.00447	378	18.14	18	刀	Unihan kRSUnicode single radical assignment
1947	1952	謙	54	0.00447	3873	149.10	149	言	Unihan kRSUnicode single radical assignment
1948	1953	鴉	54	0.00447	4722	196.4	196	鳥	Unihan kRSUnicode single radical assignment
1949	1954	鱷	54	0.00447	4714	195.16	195	魚	Unihan kRSUnicode single radical assignment
1950	1955	召	53	0.00439	484	30.2	30	口	Unihan kRSUnicode single radical assignment
1951	1956	干	53	0.00439	1191	51.0	51	干	Unihan kRSUnicode single radical assignment
1952	1957	弓	53	0.00439	1245	57.0	57	弓	Unihan kRSUnicode single radical assignment
1953	1958	盈	53	0.00439	2738	108.4	108	皿	Unihan kRSUnicode single radical assignment
1954	1959	疲	53	0.00439	2669	104.5	104	疒	Unihan kRSUnicode single radical assignment
1955	1960	執	53	0.00439	784	32.8	32	土	Unihan kRSUnicode single radical assignment
1956	1961	蛛	53	0.00439	3637	142.6	142	虫	Unihan kRSUnicode single radical assignment
1957	1962	筷	53	0.00439	3006	118.7	118	竹	Unihan kRSUnicode single radical assignment
1958	1963	諒	53	0.00439	3845	149.8	149	言	Unihan kRSUnicode single radical assignment
1959	1964	芒	52	0.00430	3429	140.3	140	艸	Unihan kRSUnicode single radical assignment
1960	1965	尿	52	0.00430	1081	44.4	44	尸	Unihan kRSUnicode single radical assignment
1961	1966	牲	52	0.00430	2494	93.5	93	牛	Unihan kRSUnicode single radical assignment
1962	1967	茲	52	0.00430	3473	140.6	140	艸	Unihan kRSUnicode single radical assignment
1963	1968	莎	52	0.00430	3479	140.7	140	艸	Unihan kRSUnicode single radical assignment
1964	1969	愁	52	0.00430	1406	61.9	61	心	Unihan kRSUnicode single radical assignment
1965	1970	跨	52	0.00430	4014	157.6	157	足	Unihan kRSUnicode single radical assignment
1966	1971	歉	52	0.00430	2060	76.10	76	欠	Unihan kRSUnicode single radical assignment
1967	1972	睜	52	0.00430	2786	109.8	109	目	Unihan kRSUnicode single radical assignment
1968	1973	賺	52	0.00430	3972	154.10	154	貝	Unihan kRSUnicode single radical assignment
1969	1974	龐	52	0.00430	1232	53.16 212.3	53	广	Multiple Unihan possibilities; conventional Traditional dictionary radical 广 selected
1970	1975	罐	52	0.00430	3201	121.18	121	缶	Unihan kRSUnicode single radical assignment
1971	1976	仇	51	0.00422	73	9.2	9	人	Unihan kRSUnicode single radical assignment
1972	1977	巫	51	0.00422	1152	48.4	48	工	Unihan kRSUnicode single radical assignment
1973	1978	戒	51	0.00422	1472	62.3	62	戈	Unihan kRSUnicode single radical assignment
1974	1979	返	51	0.00422	4118	162.4	162	辵	Unihan kRSUnicode single radical assignment
1975	1980	姨	51	0.00422	918	38.6	38	女	Unihan kRSUnicode single radical assignment
1976	1981	臥	51	0.00422	3383	131.2	131	臣	Unihan kRSUnicode single radical assignment
1977	1982	眠	51	0.00422	2769	109.5	109	目	Unihan kRSUnicode single radical assignment
1978	1983	曼	51	0.00422	478	73.7	73	曰	Unihan kRSUnicode single radical assignment
1979	1984	購	51	0.00422	3974	154.10	154	貝	Unihan kRSUnicode single radical assignment
1980	1985	悉	51	0.00422	1363	61.7	61	心	Unihan kRSUnicode single radical assignment
1981	1986	欺	51	0.00422	2057	76.8	76	欠	Unihan kRSUnicode single radical assignment
1982	1987	鉤	51	0.00422	4285	167.5	167	金	Unihan kRSUnicode single radical assignment
1983	1988	澎	51	0.00422	2336	85.12	85	水	Unihan kRSUnicode single radical assignment
1984	1989	痕	51	0.00422	2676	104.6	104	疒	Unihan kRSUnicode single radical assignment
1985	1990	蹈	51	0.00422	4035	157.10	157	足	Unihan kRSUnicode single radical assignment
1986	1991	薩	51	0.00422	3580	140.14	140	艸	Unihan kRSUnicode single radical assignment
1987	1992	撐	51	0.00422	1664	64.12	64	手	Unihan kRSUnicode single radical assignment
1988	1993	巾	50	0.00414	1160	50.0	50	巾	Unihan kRSUnicode single radical assignment
1989	1994	划	50	0.00414	337	18.4	18	刀	Unihan kRSUnicode single radical assignment
1990	1995	奴	50	0.00414	878	38.2	38	女	Unihan kRSUnicode single radical assignment
1991	1996	玲	50	0.00414	2562	96.5	96	玉	Unihan kRSUnicode single radical assignment
1992	1997	迫	50	0.00414	4126	162.5	162	辵	Unihan kRSUnicode single radical assignment
1993	1998	茫	50	0.00414	3463	140.6	140	艸	Unihan kRSUnicode single radical assignment
1994	1999	堪	50	0.00414	787	32.9	32	土	Unihan kRSUnicode single radical assignment
1995	2000	塘	50	0.00414	795	32.10	32	土	Unihan kRSUnicode single radical assignment
1996	2001	溝	50	0.00414	2283	85.10	85	水	Unihan kRSUnicode single radical assignment
1997	2002	裁	50	0.00414	3723	145.6	145	衣	Unihan kRSUnicode single radical assignment
1998	2003	頑	50	0.00414	4543	181.4	181	頁	Unihan kRSUnicode single radical assignment
1999	2004	暢	50	0.00414	1817	72.10	72	日	Unihan kRSUnicode single radical assignment
2000	2005	哎	50	0.00414	566	30.6	30	口	Unihan kRSUnicode single radical assignment
