rank	character	frequency	percentage	moe_common_character_number	unihan_krsunicode	radical_number	radical	selection_note
401	留	663	0.05493	2645	102.5	102	田	Unihan kRSUnicode single radical assignment
402	曲	662	0.05484	1831	73.2	73	曰	Unihan kRSUnicode single radical assignment
403	何	659	0.05459	111	9.5	9	人	Unihan kRSUnicode single radical assignment
404	味	659	0.05459	541	30.5	30	口	Unihan kRSUnicode single radical assignment
405	單	656	0.05435	635	30.9	30	口	Unihan kRSUnicode single radical assignment
406	界	655	0.05426	2640	102.4	102	田	Unihan kRSUnicode single radical assignment
407	站	653	0.05410	2978	117.5	117	立	Unihan kRSUnicode single radical assignment
408	命	650	0.05385	561	30.5	30	口	Unihan kRSUnicode single radical assignment
409	包	647	0.05360	408	20.3	20	勹	Unihan kRSUnicode single radical assignment
410	告	644	0.05335	528	30.4	30	口	Unihan kRSUnicode single radical assignment
411	產	644	0.05335	2624	100.6	100	生	Unihan kRSUnicode single radical assignment
412	導	643	0.05327	1067	41.12	41	寸	Unihan kRSUnicode single radical assignment
413	交	640	0.05302	60	8.4	8	亠	Unihan kRSUnicode single radical assignment
414	練	639	0.05294	3148	120.9	120	糸	Unihan kRSUnicode single radical assignment
415	拿	633	0.05244	1571	64.6	64	手	Unihan kRSUnicode single radical assignment
416	土	631	0.05227	740	32.0	32	土	Unihan kRSUnicode single radical assignment
417	該	628	0.05203	3815	149.6	149	言	Unihan kRSUnicode single radical assignment
418	拉	627	0.05194	1524	64.5	64	手	Unihan kRSUnicode single radical assignment
419	運	626	0.05186	4157	162.9	162	辵	Unihan kRSUnicode single radical assignment
420	義	623	0.05161	3223	123.7	123	羊	Unihan kRSUnicode single radical assignment
421	古	622	0.05153	482	30.2	30	口	Unihan kRSUnicode single radical assignment
422	共	621	0.05145	289	12.4	12	八	Unihan kRSUnicode single radical assignment
423	歌	621	0.05145	2061	76.10	76	欠	Unihan kRSUnicode single radical assignment
424	育	619	0.05128	3297	130.4	130	肉	Unihan kRSUnicode single radical assignment
425	奇	616	0.05103	859	37.5	37	大	Unihan kRSUnicode single radical assignment
426	計	616	0.05103	3782	149.2	149	言	Unihan kRSUnicode single radical assignment
427	灣	616	0.05103	2381	85.22	85	水	Unihan kRSUnicode single radical assignment
428	布	615	0.05095	1162	50.2	50	巾	Unihan kRSUnicode single radical assignment
429	祝	612	0.05070	2891	113.5	113	示	Unihan kRSUnicode single radical assignment
430	列	611	0.05062	335	18.4	18	刀	Unihan kRSUnicode single radical assignment
431	鳥	611	0.05062	4716	196.0	196	鳥	Unihan kRSUnicode single radical assignment
432	功	610	0.05053	381	19.3	19	力	Unihan kRSUnicode single radical assignment
433	求	610	0.05053	2129	85.2	85	水	Unihan kRSUnicode single radical assignment
434	城	610	0.05053	769	32.6	32	土	Unihan kRSUnicode single radical assignment
435	寶	606	0.05020	1056	40.17	40	宀	Unihan kRSUnicode single radical assignment
436	報	604	0.05004	791	32.9	32	土	Unihan kRSUnicode single radical assignment
437	約	602	0.04987	3087	120.3	120	糸	Unihan kRSUnicode single radical assignment
438	改	601	0.04979	1717	66.3	66	攴	Unihan kRSUnicode single radical assignment
439	深	599	0.04962	2243	85.8	85	水	Unihan kRSUnicode single radical assignment
440	較	599	0.04962	4072	159.6	159	車	Unihan kRSUnicode single radical assignment
441	爾	599	0.04962	2477	89.10	89	爻	Unihan kRSUnicode single radical assignment
442	象	593	0.04913	3914	152.5	152	豕	Unihan kRSUnicode single radical assignment
443	福	593	0.04913	2901	113.9	113	示	Unihan kRSUnicode single radical assignment
444	幫	593	0.04913	1190	50.14	50	巾	Unihan kRSUnicode single radical assignment
445	格	592	0.04904	1927	75.6	75	木	Unihan kRSUnicode single radical assignment
446	葉	592	0.04904	3525	140.9	140	艸	Unihan kRSUnicode single radical assignment
447	細	591	0.04896	3109	120.5	120	糸	Unihan kRSUnicode single radical assignment
448	設	581	0.04813	3799	149.4	149	言	Unihan kRSUnicode single radical assignment
449	任	579	0.04797	99	9.4	9	人	Unihan kRSUnicode single radical assignment
450	始	579	0.04797	908	38.5	38	女	Unihan kRSUnicode single radical assignment
451	晚	579	0.04797	1801	72.7	72	日	Unihan kRSUnicode single radical assignment
452	哈	578	0.04788	577	30.6	30	口	Unihan kRSUnicode single radical assignment
453	苦	578	0.04788	3448	140.5	140	艸	Unihan kRSUnicode single radical assignment
454	春	576	0.04772	1787	72.5	72	日	Unihan kRSUnicode single radical assignment
455	識	576	0.04772	3884	149.12	149	言	Unihan kRSUnicode single radical assignment
456	久	575	0.04763	27	4.2	4	丿	Unihan kRSUnicode single radical assignment
457	步	575	0.04763	2069	77.3	77	止	Unihan kRSUnicode single radical assignment
458	千	574	0.04755	430	24.1	24	十	Unihan kRSUnicode single radical assignment
459	強	574	0.04755	1258	57.8	57	弓	Unihan kRSUnicode single radical assignment
460	溫	574	0.04755	2290	85.10	85	水	Unihan kRSUnicode single radical assignment
461	跑	573	0.04747	4008	157.5	157	足	Unihan kRSUnicode single radical assignment
462	落	573	0.04747	3520	140.9	140	艸	Unihan kRSUnicode single radical assignment
463	至	572	0.04739	3389	133.0	133	至	Unihan kRSUnicode single radical assignment
464	輕	571	0.04730	4078	159.7	159	車	Unihan kRSUnicode single radical assignment
465	積	570	0.04722	2944	115.11	115	禾	Unihan kRSUnicode single radical assignment
466	則	566	0.04689	358	18.7	18	刀	Unihan kRSUnicode single radical assignment
467	雨	564	0.04672	4468	173.0	173	雨	Unihan kRSUnicode single radical assignment
468	參	564	0.04672	467	28.9	28	厶	Unihan kRSUnicode single radical assignment
469	根	564	0.04672	1915	75.6	75	木	Unihan kRSUnicode single radical assignment
470	整	562	0.04656	1740	66.11	66	攴	Unihan kRSUnicode single radical assignment
471	巴	561	0.04647	1157	49.1	49	己	Unihan kRSUnicode single radical assignment
472	統	560	0.04639	3104	120.6	120	糸	Unihan kRSUnicode single radical assignment
473	轉	560	0.04639	4095	159.11	159	車	Unihan kRSUnicode single radical assignment
474	里	557	0.04614	4256	166.0	166	里	Unihan kRSUnicode single radical assignment
475	總	557	0.04614	3172	120.11	120	糸	Unihan kRSUnicode single radical assignment
476	首	556	0.04606	4615	185.0	185	首	Unihan kRSUnicode single radical assignment
477	錢	556	0.04606	4311	167.8	167	金	Unihan kRSUnicode single radical assignment
478	具	554	0.04589	291	12.6	12	八	Unihan kRSUnicode single radical assignment
479	哥	552	0.04573	587	30.7	30	口	Unihan kRSUnicode single radical assignment
480	精	552	0.04573	3067	119.8	119	米	Unihan kRSUnicode single radical assignment
481	試	552	0.04573	3817	149.6	149	言	Unihan kRSUnicode single radical assignment
482	雖	551	0.04565	4461	172.9	172	隹	Unihan kRSUnicode single radical assignment
483	考	550	0.04556	3252	125.0	125	老	Unihan kRSUnicode single radical assignment
484	離	549	0.04548	4466	172.11	172	隹	Unihan kRSUnicode single radical assignment
485	士	547	0.04531	831	33.0	33	士	Unihan kRSUnicode single radical assignment
486	言	544	0.04507	3781	149.0	149	言	Unihan kRSUnicode single radical assignment
487	底	542	0.04490	1207	53.5	53	广	Unihan kRSUnicode single radical assignment
488	華	540	0.04473	3503	140.8	140	艸	Unihan kRSUnicode single radical assignment
489	夫	533	0.04415	850	37.1	37	大	Unihan kRSUnicode single radical assignment
490	阿	533	0.04415	4408	170.5	170	阜	Unihan kRSUnicode single radical assignment
491	藝	533	0.04415	3586	140.15	140	艸	Unihan kRSUnicode single radical assignment
492	演	531	0.04399	2298	85.11	85	水	Unihan kRSUnicode single radical assignment
493	呀	530	0.04391	537	30.4	30	口	Unihan kRSUnicode single radical assignment
494	件	529	0.04382	98	9.4	9	人	Unihan kRSUnicode single radical assignment
495	青	525	0.04349	4499	174.0	174	靑	Unihan kRSUnicode single radical assignment
496	送	524	0.04341	4127	162.6	162	辵	Unihan kRSUnicode single radical assignment
497	組	523	0.04333	3111	120.5	120	糸	Unihan kRSUnicode single radical assignment
498	皮	521	0.04316	2732	107.0	107	皮	Unihan kRSUnicode single radical assignment
499	半	518	0.04291	435	24.3	24	十	Unihan kRSUnicode single radical assignment
500	夜	516	0.04275	843	36.5	36	夕	Unihan kRSUnicode single radical assignment
501	級	516	0.04275	3097	120.4	120	糸	Unihan kRSUnicode single radical assignment
502	遊	516	0.04275	4158	162.9	162	辵	Unihan kRSUnicode single radical assignment
503	舉	516	0.04275	3400	134.10	134	臼	Unihan kRSUnicode single radical assignment
504	反	515	0.04266	472	29.2	29	又	Unihan kRSUnicode single radical assignment
505	腳	513	0.04250	3350	130.9	130	肉	Unihan kRSUnicode single radical assignment
506	刻	509	0.04217	344	18.6	18	刀	Unihan kRSUnicode single radical assignment
507	筆	509	0.04217	2999	118.6	118	竹	Unihan kRSUnicode single radical assignment
508	童	507	0.04200	2979	117.7	117	立	Unihan kRSUnicode single radical assignment
509	怕	505	0.04184	1326	61.5	61	心	Unihan kRSUnicode single radical assignment
510	骨	504	0.04175	4657	188.0	188	骨	Unihan kRSUnicode single radical assignment
511	縣	504	0.04175	3164	120.10	120	糸	Unihan kRSUnicode single radical assignment
512	程	499	0.04134	2928	115.7	115	禾	Unihan kRSUnicode single radical assignment
513	忙	497	0.04117	1307	61.3	61	心	Unihan kRSUnicode single radical assignment
514	室	494	0.04092	1021	40.6	40	宀	Unihan kRSUnicode single radical assignment
515	蟲	493	0.04084	3683	142.12	142	虫	Unihan kRSUnicode single radical assignment
516	克	492	0.04076	273	10.5	10	儿	Unihan kRSUnicode single radical assignment
517	跳	492	0.04076	4016	157.6	157	足	Unihan kRSUnicode single radical assignment
518	台	490	0.04059	496	30.2	30	口	Unihan kRSUnicode single radical assignment
519	鄉	490	0.04059	4217	163.9	163	邑	Unihan kRSUnicode single radical assignment
520	論	490	0.04059	3856	149.8	149	言	Unihan kRSUnicode single radical assignment
521	娘	489	0.04051	927	38.7	38	女	Unihan kRSUnicode single radical assignment
522	族	487	0.04034	1764	70.7	70	方	Unihan kRSUnicode single radical assignment
523	誰	486	0.04026	3855	149.8	149	言	Unihan kRSUnicode single radical assignment
524	假	485	0.04018	203	9.9	9	人	Unihan kRSUnicode single radical assignment
525	怪	483	0.04001	1325	61.5	61	心	Unihan kRSUnicode single radical assignment
526	植	483	0.04001	1968	75.8	75	木	Unihan kRSUnicode single radical assignment
527	環	483	0.04001	2604	96.13	96	玉	Unihan kRSUnicode single radical assignment
528	料	482	0.03993	1747	68.6	68	斗	Unihan kRSUnicode single radical assignment
529	黑	482	0.03993	4771	203.0	203	黑	Unihan kRSUnicode single radical assignment
530	響	480	0.03976	4535	180.11	180	音	Unihan kRSUnicode single radical assignment
531	裝	479	0.03968	3731	145.7	145	衣	Unihan kRSUnicode single radical assignment
532	牛	478	0.03960	2486	93.0	93	牛	Unihan kRSUnicode single radical assignment
533	英	478	0.03960	3455	140.5	140	艸	Unihan kRSUnicode single radical assignment
534	禮	474	0.03927	2906	113.13	113	示	Unihan kRSUnicode single radical assignment
535	紀	473	0.03918	3084	120.3	120	糸	Unihan kRSUnicode single radical assignment
536	唱	472	0.03910	608	30.8	30	口	Unihan kRSUnicode single radical assignment
537	資	470	0.03894	3951	154.6	154	貝	Unihan kRSUnicode single radical assignment
538	倒	469	0.03885	182	9.8	9	人	Unihan kRSUnicode single radical assignment
539	排	469	0.03885	1608	64.8	64	手	Unihan kRSUnicode single radical assignment
540	越	469	0.03885	3993	156.5	156	走	Unihan kRSUnicode single radical assignment
541	朝	469	0.03885	1850	74.8	74	月	Unihan kRSUnicode single radical assignment
542	備	466	0.03860	220	9.10	9	人	Unihan kRSUnicode single radical assignment
543	船	464	0.03844	3419	137.5	137	舟	Unihan kRSUnicode single radical assignment
544	坐	463	0.03836	754	32.4	32	土	Unihan kRSUnicode single radical assignment
545	病	461	0.03819	2667	104.5	104	疒	Unihan kRSUnicode single radical assignment
546	鐵	460	0.03811	4354	167.13	167	金	Unihan kRSUnicode single radical assignment
547	視	459	0.03802	3769	113.7 147.5	147	見	Traditional dictionary radical 見 selected from Unihan alternatives 113.7 and 147.5
548	史	456	0.03778	494	30.2	30	口	Unihan kRSUnicode single radical assignment
549	妹	456	0.03778	902	38.5	38	女	Unihan kRSUnicode single radical assignment
550	板	456	0.03778	1884	75.4	75	木	Unihan kRSUnicode single radical assignment
551	紙	456	0.03778	3100	120.4	120	糸	Unihan kRSUnicode single radical assignment
552	詩	456	0.03778	3818	149.6	149	言	Unihan kRSUnicode single radical assignment
553	狀	453	0.03753	2511	94.4	94	犬	Unihan kRSUnicode single radical assignment
554	農	452	0.03744	4111	161.6	161	辰	Unihan kRSUnicode single radical assignment
555	趕	450	0.03728	3997	156.7	156	走	Unihan kRSUnicode single radical assignment
556	啦	449	0.03720	602	30.8	30	口	Unihan kRSUnicode single radical assignment
557	錯	449	0.03720	4310	167.8	167	金	Unihan kRSUnicode single radical assignment
558	房	448	0.03711	1488	63.4	63	戶	Unihan kRSUnicode single radical assignment
559	夠	447	0.03703	844	36.8	36	夕	Unihan kRSUnicode single radical assignment
560	戲	446	0.03695	1484	62.13	62	戈	Unihan kRSUnicode single radical assignment
561	養	445	0.03686	4597	184.6	184	食	Unihan kRSUnicode single radical assignment
562	亞	444	0.03678	57	7.6	7	二	Unihan kRSUnicode single radical assignment
563	員	444	0.03678	594	30.7	30	口	Unihan kRSUnicode single radical assignment
564	李	442	0.03662	1864	75.3	75	木	Unihan kRSUnicode single radical assignment
565	畢	440	0.03645	2648	102.6	102	田	Unihan kRSUnicode single radical assignment
566	斷	438	0.03628	1758	69.14	69	斤	Unihan kRSUnicode single radical assignment
567	型	435	0.03604	765	32.6	32	土	Unihan kRSUnicode single radical assignment
568	雄	435	0.03604	4453	172.4	172	隹	Unihan kRSUnicode single radical assignment
569	衣	434	0.03595	3708	145.0	145	衣	Unihan kRSUnicode single radical assignment
570	消	434	0.03595	2201	85.7	85	水	Unihan kRSUnicode single radical assignment
571	奶	432	0.03579	879	38.2	38	女	Unihan kRSUnicode single radical assignment
572	左	431	0.03570	1151	48.2	48	工	Unihan kRSUnicode single radical assignment
573	恐	431	0.03570	1348	61.6	61	心	Unihan kRSUnicode single radical assignment
574	塊	429	0.03554	802	32.10	32	土	Unihan kRSUnicode single radical assignment
575	座	428	0.03546	1213	53.7	53	广	Unihan kRSUnicode single radical assignment
576	尺	427	0.03537	1077	44.1	44	尸	Unihan kRSUnicode single radical assignment
577	終	427	0.03537	3113	120.5	120	糸	Unihan kRSUnicode single radical assignment
578	燈	427	0.03537	2444	86.12	86	火	Unihan kRSUnicode single radical assignment
579	緊	425	0.03521	3135	120.8	120	糸	Unihan kRSUnicode single radical assignment
580	團	424	0.03512	738	31.11	31	囗	Unihan kRSUnicode single radical assignment
581	層	424	0.03512	1096	44.12	44	尸	Unihan kRSUnicode single radical assignment
582	油	422	0.03496	2172	85.5	85	水	Unihan kRSUnicode single radical assignment
583	院	422	0.03496	4415	170.7	170	阜	Unihan kRSUnicode single radical assignment
584	察	420	0.03479	1050	40.11	40	宀	Unihan kRSUnicode single radical assignment
585	助	419	0.03471	384	19.5	19	力	Unihan kRSUnicode single radical assignment
586	準	419	0.03471	2292	85.10	85	水	Unihan kRSUnicode single radical assignment
587	決	418	0.03463	2145	85.4	85	水	Unihan kRSUnicode single radical assignment
588	伯	418	0.03463	125	9.5	9	人	Unihan kRSUnicode single radical assignment
589	周	417	0.03454	559	30.5	30	口	Unihan kRSUnicode single radical assignment
590	失	416	0.03446	854	37.2	37	大	Unihan kRSUnicode single radical assignment
591	易	414	0.03430	1780	72.4	72	日	Unihan kRSUnicode single radical assignment
592	依	414	0.03430	131	9.6	9	人	Unihan kRSUnicode single radical assignment
593	妳	413	0.03421	912	38.5	38	女	Unihan kRSUnicode single radical assignment
594	吸	413	0.03421	531	30.4	30	口	Unihan kRSUnicode single radical assignment
595	政	411	0.03405	1720	66.4	66	攴	Unihan kRSUnicode single radical assignment
596	停	410	0.03396	202	9.9	9	人	Unihan kRSUnicode single radical assignment
597	訴	410	0.03396	3812	149.5	149	言	Unihan kRSUnicode single radical assignment
598	羅	410	0.03396	3213	122.14	122	网	Unihan kRSUnicode single radical assignment
599	必	409	0.03388	1306	61.1	61	心	Unihan kRSUnicode single radical assignment
600	婆	409	0.03388	947	38.8	38	女	Unihan kRSUnicode single radical assignment
