card_id	deck	kind	source_chapter	prompt_language	answer_language	prompt	accepted_answers	distractors	explanation	lexical_ids	grammar_ids	geographic_ids	provenance_path	provenance_locator	provenance_evidence	examples	tags
ko-core-review-011-015/ko-noun-doseogwan-library/target-to-source	Chapter 11-15	vocabulary	11	ko	en	도서관	"[""library""]"	[]	도서관 reviews the canonical library sense first introduced in Chapter 11.	"[""ko.noun.doseogwan"",""ko.noun.doseogwan.library""]"	[]	[]	units/korean-core/chapter-011-books-at-the-library/chapter.md	Dialogue > line 1	도서관에서 책하고 사전을 찾아요.	"[""도서관에서 책하고 사전을 찾아요.""]"	"[""korean"",""review-deck"",""chapter-011-015"",""vocabulary"",""target-to-source""]"
ko-core-review-011-015/ko-noun-doseogwan-library/source-to-target	Chapter 11-15	vocabulary	11	en	ko	library	"[""도서관""]"	[]	도서관 reviews the canonical library sense first introduced in Chapter 11.	"[""ko.noun.doseogwan"",""ko.noun.doseogwan.library""]"	[]	[]	units/korean-core/chapter-011-books-at-the-library/chapter.md	Dialogue > line 1	도서관에서 책하고 사전을 찾아요.	"[""도서관에서 책하고 사전을 찾아요.""]"	"[""korean"",""review-deck"",""chapter-011-015"",""vocabulary"",""source-to-target""]"
ko-core-review-011-015/ko-verb-chatda-look-for/target-to-source	Chapter 11-15	vocabulary	11	ko	en	찾다	"[""to look for""]"	[]	찾다 reviews the canonical to look for sense first introduced in Chapter 11.	"[""ko.verb.chatda"",""ko.verb.chatda.look-for""]"	[]	[]	units/korean-core/chapter-011-books-at-the-library/chapter.md	Dialogue > line 1	도서관에서 책하고 사전을 찾아요.	"[""도서관에서 책하고 사전을 찾아요.""]"	"[""korean"",""review-deck"",""chapter-011-015"",""vocabulary"",""target-to-source""]"
ko-core-review-011-015/ko-verb-chatda-look-for/source-to-target	Chapter 11-15	vocabulary	11	en	ko	to look for	"[""찾다""]"	[]	찾다 reviews the canonical to look for sense first introduced in Chapter 11.	"[""ko.verb.chatda"",""ko.verb.chatda.look-for""]"	[]	[]	units/korean-core/chapter-011-books-at-the-library/chapter.md	Dialogue > line 1	도서관에서 책하고 사전을 찾아요.	"[""도서관에서 책하고 사전을 찾아요.""]"	"[""korean"",""review-deck"",""chapter-011-015"",""vocabulary"",""source-to-target""]"
ko-core-review-011-015/ko-noun-sajeon-dictionary/target-to-source	Chapter 11-15	vocabulary	11	ko	en	사전	"[""dictionary""]"	[]	사전 reviews the canonical dictionary sense first introduced in Chapter 11.	"[""ko.noun.sajeon"",""ko.noun.sajeon.dictionary""]"	[]	[]	units/korean-core/chapter-011-books-at-the-library/chapter.md	Dialogue > line 2	사전은 저기 선반에 있어요.	"[""사전은 저기 선반에 있어요.""]"	"[""korean"",""review-deck"",""chapter-011-015"",""vocabulary"",""target-to-source""]"
ko-core-review-011-015/ko-noun-sajeon-dictionary/source-to-target	Chapter 11-15	vocabulary	11	en	ko	dictionary	"[""사전""]"	[]	사전 reviews the canonical dictionary sense first introduced in Chapter 11.	"[""ko.noun.sajeon"",""ko.noun.sajeon.dictionary""]"	[]	[]	units/korean-core/chapter-011-books-at-the-library/chapter.md	Dialogue > line 2	사전은 저기 선반에 있어요.	"[""사전은 저기 선반에 있어요.""]"	"[""korean"",""review-deck"",""chapter-011-015"",""vocabulary"",""source-to-target""]"
ko-core-review-011-015/ko-noun-japji-magazine/target-to-source	Chapter 11-15	vocabulary	11	ko	en	잡지	"[""magazine""]"	[]	잡지 reviews the canonical magazine sense first introduced in Chapter 11.	"[""ko.noun.japji"",""ko.noun.japji.magazine""]"	[]	[]	units/korean-core/chapter-011-books-at-the-library/chapter.md	Dialogue > line 3	잡지하고 신문은 어디에 있어요?	"[""잡지하고 신문은 어디에 있어요?""]"	"[""korean"",""review-deck"",""chapter-011-015"",""vocabulary"",""target-to-source""]"
ko-core-review-011-015/ko-noun-japji-magazine/source-to-target	Chapter 11-15	vocabulary	11	en	ko	magazine	"[""잡지""]"	[]	잡지 reviews the canonical magazine sense first introduced in Chapter 11.	"[""ko.noun.japji"",""ko.noun.japji.magazine""]"	[]	[]	units/korean-core/chapter-011-books-at-the-library/chapter.md	Dialogue > line 3	잡지하고 신문은 어디에 있어요?	"[""잡지하고 신문은 어디에 있어요?""]"	"[""korean"",""review-deck"",""chapter-011-015"",""vocabulary"",""source-to-target""]"
ko-core-review-011-015/ko-noun-sinmun-newspaper/target-to-source	Chapter 11-15	vocabulary	11	ko	en	신문	"[""newspaper""]"	[]	신문 reviews the canonical newspaper sense first introduced in Chapter 11.	"[""ko.noun.sinmun"",""ko.noun.sinmun.newspaper""]"	[]	[]	units/korean-core/chapter-011-books-at-the-library/chapter.md	Dialogue > line 3	잡지하고 신문은 어디에 있어요?	"[""잡지하고 신문은 어디에 있어요?""]"	"[""korean"",""review-deck"",""chapter-011-015"",""vocabulary"",""target-to-source""]"
ko-core-review-011-015/ko-noun-sinmun-newspaper/source-to-target	Chapter 11-15	vocabulary	11	en	ko	newspaper	"[""신문""]"	[]	신문 reviews the canonical newspaper sense first introduced in Chapter 11.	"[""ko.noun.sinmun"",""ko.noun.sinmun.newspaper""]"	[]	[]	units/korean-core/chapter-011-books-at-the-library/chapter.md	Dialogue > line 3	잡지하고 신문은 어디에 있어요?	"[""잡지하고 신문은 어디에 있어요?""]"	"[""korean"",""review-deck"",""chapter-011-015"",""vocabulary"",""source-to-target""]"
ko-core-review-011-015/ko-adverb-jeogi-over-there/target-to-source	Chapter 11-15	vocabulary	11	ko	en	저기	"[""over there""]"	[]	저기 reviews the canonical over there sense first introduced in Chapter 11.	"[""ko.adverb.jeogi"",""ko.adverb.jeogi.over-there""]"	[]	[]	units/korean-core/chapter-011-books-at-the-library/chapter.md	Dialogue > line 2	사전은 저기 선반에 있어요.	"[""사전은 저기 선반에 있어요.""]"	"[""korean"",""review-deck"",""chapter-011-015"",""vocabulary"",""target-to-source""]"
ko-core-review-011-015/ko-adverb-jeogi-over-there/source-to-target	Chapter 11-15	vocabulary	11	en	ko	over there	"[""저기""]"	[]	저기 reviews the canonical over there sense first introduced in Chapter 11.	"[""ko.adverb.jeogi"",""ko.adverb.jeogi.over-there""]"	[]	[]	units/korean-core/chapter-011-books-at-the-library/chapter.md	Dialogue > line 2	사전은 저기 선반에 있어요.	"[""사전은 저기 선반에 있어요.""]"	"[""korean"",""review-deck"",""chapter-011-015"",""vocabulary"",""source-to-target""]"
ko-core-review-011-015/ko-noun-changga-window-side/target-to-source	Chapter 11-15	vocabulary	11	ko	en	창가	"[""window side"",""by the window""]"	[]	창가 reviews the canonical window side; by the window sense first introduced in Chapter 11.	"[""ko.noun.changga"",""ko.noun.changga.window-side""]"	[]	[]	units/korean-core/chapter-011-books-at-the-library/chapter.md	Dialogue > line 4	창가 옆 선반에 있어요.	"[""창가 옆 선반에 있어요.""]"	"[""korean"",""review-deck"",""chapter-011-015"",""vocabulary"",""target-to-source""]"
ko-core-review-011-015/ko-noun-changga-window-side/source-to-target	Chapter 11-15	vocabulary	11	en	ko	window side; by the window	"[""창가""]"	[]	창가 reviews the canonical window side; by the window sense first introduced in Chapter 11.	"[""ko.noun.changga"",""ko.noun.changga.window-side""]"	[]	[]	units/korean-core/chapter-011-books-at-the-library/chapter.md	Dialogue > line 4	창가 옆 선반에 있어요.	"[""창가 옆 선반에 있어요.""]"	"[""korean"",""review-deck"",""chapter-011-015"",""vocabulary"",""source-to-target""]"
ko-core-review-011-015/ko-noun-seonban-shelf/target-to-source	Chapter 11-15	vocabulary	11	ko	en	선반	"[""shelf""]"	[]	선반 reviews the canonical shelf sense first introduced in Chapter 11.	"[""ko.noun.seonban"",""ko.noun.seonban.shelf""]"	[]	[]	units/korean-core/chapter-011-books-at-the-library/chapter.md	Dialogue > line 6	책은 저기 선반에 있어요.	"[""책은 저기 선반에 있어요.""]"	"[""korean"",""review-deck"",""chapter-011-015"",""vocabulary"",""target-to-source""]"
ko-core-review-011-015/ko-noun-seonban-shelf/source-to-target	Chapter 11-15	vocabulary	11	en	ko	shelf	"[""선반""]"	[]	선반 reviews the canonical shelf sense first introduced in Chapter 11.	"[""ko.noun.seonban"",""ko.noun.seonban.shelf""]"	[]	[]	units/korean-core/chapter-011-books-at-the-library/chapter.md	Dialogue > line 6	책은 저기 선반에 있어요.	"[""책은 저기 선반에 있어요.""]"	"[""korean"",""review-deck"",""chapter-011-015"",""vocabulary"",""source-to-target""]"
ko-core-review-011-015/ko-verb-kkeutnada-end/target-to-source	Chapter 11-15	vocabulary	12	ko	en	끝나다	"[""to end"",""finish""]"	[]	끝나다 reviews the canonical to end; finish sense first introduced in Chapter 12.	"[""ko.verb.kkeutnada"",""ko.verb.kkeutnada.end""]"	[]	[]	units/korean-core/chapter-012-after-class/chapter.md	Narrative > line 1	오늘 수업이 끝나요.	"[""오늘 수업이 끝나요.""]"	"[""korean"",""review-deck"",""chapter-011-015"",""vocabulary"",""target-to-source""]"
ko-core-review-011-015/ko-verb-kkeutnada-end/source-to-target	Chapter 11-15	vocabulary	12	en	ko	to end; finish	"[""끝나다""]"	[]	끝나다 reviews the canonical to end; finish sense first introduced in Chapter 12.	"[""ko.verb.kkeutnada"",""ko.verb.kkeutnada.end""]"	[]	[]	units/korean-core/chapter-012-after-class/chapter.md	Narrative > line 1	오늘 수업이 끝나요.	"[""오늘 수업이 끝나요.""]"	"[""korean"",""review-deck"",""chapter-011-015"",""vocabulary"",""source-to-target""]"
ko-core-review-011-015/ko-verb-datda-close/target-to-source	Chapter 11-15	vocabulary	12	ko	en	닫다	"[""to close""]"	[]	닫다 reviews the canonical to close sense first introduced in Chapter 12.	"[""ko.verb.datda"",""ko.verb.datda.close""]"	[]	[]	units/korean-core/chapter-012-after-class/chapter.md	Narrative > line 2	박서연은 문을 닫고 책상을 정리해요.	"[""박서연은 문을 닫고 책상을 정리해요.""]"	"[""korean"",""review-deck"",""chapter-011-015"",""vocabulary"",""target-to-source""]"
ko-core-review-011-015/ko-verb-datda-close/source-to-target	Chapter 11-15	vocabulary	12	en	ko	to close	"[""닫다""]"	[]	닫다 reviews the canonical to close sense first introduced in Chapter 12.	"[""ko.verb.datda"",""ko.verb.datda.close""]"	[]	[]	units/korean-core/chapter-012-after-class/chapter.md	Narrative > line 2	박서연은 문을 닫고 책상을 정리해요.	"[""박서연은 문을 닫고 책상을 정리해요.""]"	"[""korean"",""review-deck"",""chapter-011-015"",""vocabulary"",""source-to-target""]"
ko-core-review-011-015/ko-verb-jeongnihada-tidy/target-to-source	Chapter 11-15	vocabulary	12	ko	en	정리하다	"[""to tidy"",""organize""]"	[]	정리하다 reviews the canonical to tidy; organize sense first introduced in Chapter 12.	"[""ko.verb.jeongnihada"",""ko.verb.jeongnihada.tidy""]"	[]	[]	units/korean-core/chapter-012-after-class/chapter.md	Narrative > line 3	김민지는 책을 정리하고 공책을 닫아요.	"[""김민지는 책을 정리하고 공책을 닫아요.""]"	"[""korean"",""review-deck"",""chapter-011-015"",""vocabulary"",""target-to-source""]"
ko-core-review-011-015/ko-verb-jeongnihada-tidy/source-to-target	Chapter 11-15	vocabulary	12	en	ko	to tidy; organize	"[""정리하다""]"	[]	정리하다 reviews the canonical to tidy; organize sense first introduced in Chapter 12.	"[""ko.verb.jeongnihada"",""ko.verb.jeongnihada.tidy""]"	[]	[]	units/korean-core/chapter-012-after-class/chapter.md	Narrative > line 3	김민지는 책을 정리하고 공책을 닫아요.	"[""김민지는 책을 정리하고 공책을 닫아요.""]"	"[""korean"",""review-deck"",""chapter-011-015"",""vocabulary"",""source-to-target""]"
ko-core-review-011-015/ko-noun-mun-door/target-to-source	Chapter 11-15	vocabulary	12	ko	en	문	"[""door""]"	[]	문 reviews the canonical door sense first introduced in Chapter 12.	"[""ko.noun.mun"",""ko.noun.mun.door""]"	[]	[]	units/korean-core/chapter-012-after-class/chapter.md	Narrative > line 2	박서연은 문을 닫고 책상을 정리해요.	"[""박서연은 문을 닫고 책상을 정리해요.""]"	"[""korean"",""review-deck"",""chapter-011-015"",""vocabulary"",""target-to-source""]"
ko-core-review-011-015/ko-noun-mun-door/source-to-target	Chapter 11-15	vocabulary	12	en	ko	door	"[""문""]"	[]	문 reviews the canonical door sense first introduced in Chapter 12.	"[""ko.noun.mun"",""ko.noun.mun.door""]"	[]	[]	units/korean-core/chapter-012-after-class/chapter.md	Narrative > line 2	박서연은 문을 닫고 책상을 정리해요.	"[""박서연은 문을 닫고 책상을 정리해요.""]"	"[""korean"",""review-deck"",""chapter-011-015"",""vocabulary"",""source-to-target""]"
ko-core-review-011-015/ko-verb-cheongsohada-clean/target-to-source	Chapter 11-15	vocabulary	12	ko	en	청소하다	"[""to clean""]"	[]	청소하다 reviews the canonical to clean sense first introduced in Chapter 12.	"[""ko.verb.cheongsohada"",""ko.verb.cheongsohada.clean""]"	[]	[]	units/korean-core/chapter-012-after-class/chapter.md	Narrative > line 4	두 사람은 교실을 청소하고 나가요.	"[""두 사람은 교실을 청소하고 나가요.""]"	"[""korean"",""review-deck"",""chapter-011-015"",""vocabulary"",""target-to-source""]"
ko-core-review-011-015/ko-verb-cheongsohada-clean/source-to-target	Chapter 11-15	vocabulary	12	en	ko	to clean	"[""청소하다""]"	[]	청소하다 reviews the canonical to clean sense first introduced in Chapter 12.	"[""ko.verb.cheongsohada"",""ko.verb.cheongsohada.clean""]"	[]	[]	units/korean-core/chapter-012-after-class/chapter.md	Narrative > line 4	두 사람은 교실을 청소하고 나가요.	"[""두 사람은 교실을 청소하고 나가요.""]"	"[""korean"",""review-deck"",""chapter-011-015"",""vocabulary"",""source-to-target""]"
ko-core-review-011-015/ko-verb-iyagihada-talk/target-to-source	Chapter 11-15	vocabulary	12	ko	en	이야기하다	"[""to talk""]"	[]	이야기하다 reviews the canonical to talk sense first introduced in Chapter 12.	"[""ko.verb.iyagihada"",""ko.verb.iyagihada.talk""]"	[]	[]	units/korean-core/chapter-012-after-class/chapter.md	Narrative > line 5	두 사람은 학교에서 이야기하고 집에 가요.	"[""두 사람은 학교에서 이야기하고 집에 가요.""]"	"[""korean"",""review-deck"",""chapter-011-015"",""vocabulary"",""target-to-source""]"
ko-core-review-011-015/ko-verb-iyagihada-talk/source-to-target	Chapter 11-15	vocabulary	12	en	ko	to talk	"[""이야기하다""]"	[]	이야기하다 reviews the canonical to talk sense first introduced in Chapter 12.	"[""ko.verb.iyagihada"",""ko.verb.iyagihada.talk""]"	[]	[]	units/korean-core/chapter-012-after-class/chapter.md	Narrative > line 5	두 사람은 학교에서 이야기하고 집에 가요.	"[""두 사람은 학교에서 이야기하고 집에 가요.""]"	"[""korean"",""review-deck"",""chapter-011-015"",""vocabulary"",""source-to-target""]"
ko-core-review-011-015/ko-verb-swida-rest/target-to-source	Chapter 11-15	vocabulary	12	ko	en	쉬다	"[""to rest""]"	[]	쉬다 reviews the canonical to rest sense first introduced in Chapter 12.	"[""ko.verb.swida"",""ko.verb.swida.rest""]"	[]	[]	units/korean-core/chapter-012-after-class/chapter.md	Narrative > line 6	김민지는 물을 마시고 쉬어요.	"[""김민지는 물을 마시고 쉬어요.""]"	"[""korean"",""review-deck"",""chapter-011-015"",""vocabulary"",""target-to-source""]"
ko-core-review-011-015/ko-verb-swida-rest/source-to-target	Chapter 11-15	vocabulary	12	en	ko	to rest	"[""쉬다""]"	[]	쉬다 reviews the canonical to rest sense first introduced in Chapter 12.	"[""ko.verb.swida"",""ko.verb.swida.rest""]"	[]	[]	units/korean-core/chapter-012-after-class/chapter.md	Narrative > line 6	김민지는 물을 마시고 쉬어요.	"[""김민지는 물을 마시고 쉬어요.""]"	"[""korean"",""review-deck"",""chapter-011-015"",""vocabulary"",""source-to-target""]"
ko-core-review-011-015/ko-noun-sukje-homework/target-to-source	Chapter 11-15	vocabulary	12	ko	en	숙제	"[""homework""]"	[]	숙제 reviews the canonical homework sense first introduced in Chapter 12.	"[""ko.noun.sukje"",""ko.noun.sukje.homework""]"	[]	[]	units/korean-core/chapter-012-after-class/chapter.md	Narrative > line 7	박서연은 숙제를 하고 밥을 먹어요.	"[""박서연은 숙제를 하고 밥을 먹어요.""]"	"[""korean"",""review-deck"",""chapter-011-015"",""vocabulary"",""target-to-source""]"
ko-core-review-011-015/ko-noun-sukje-homework/source-to-target	Chapter 11-15	vocabulary	12	en	ko	homework	"[""숙제""]"	[]	숙제 reviews the canonical homework sense first introduced in Chapter 12.	"[""ko.noun.sukje"",""ko.noun.sukje.homework""]"	[]	[]	units/korean-core/chapter-012-after-class/chapter.md	Narrative > line 7	박서연은 숙제를 하고 밥을 먹어요.	"[""박서연은 숙제를 하고 밥을 먹어요.""]"	"[""korean"",""review-deck"",""chapter-011-015"",""vocabulary"",""source-to-target""]"
ko-core-review-011-015/ko-noun-bibimbap-bibimbap/target-to-source	Chapter 11-15	vocabulary	13	ko	en	비빔밥	"[""bibimbap""]"	[]	비빔밥 reviews the canonical bibimbap sense first introduced in Chapter 13.	"[""ko.noun.bibimbap"",""ko.noun.bibimbap.bibimbap""]"	[]	[]	units/korean-core/chapter-013-choosing-dinner/chapter.md	Dialogue > line 2	저는 비빔밥을 먹고 싶어요.	"[""저는 비빔밥을 먹고 싶어요.""]"	"[""korean"",""review-deck"",""chapter-011-015"",""vocabulary"",""target-to-source""]"
ko-core-review-011-015/ko-noun-bibimbap-bibimbap/source-to-target	Chapter 11-15	vocabulary	13	en	ko	bibimbap	"[""비빔밥""]"	[]	비빔밥 reviews the canonical bibimbap sense first introduced in Chapter 13.	"[""ko.noun.bibimbap"",""ko.noun.bibimbap.bibimbap""]"	[]	[]	units/korean-core/chapter-013-choosing-dinner/chapter.md	Dialogue > line 2	저는 비빔밥을 먹고 싶어요.	"[""저는 비빔밥을 먹고 싶어요.""]"	"[""korean"",""review-deck"",""chapter-011-015"",""vocabulary"",""source-to-target""]"
ko-core-review-011-015/ko-noun-gimchijjigae-kimchi-stew/target-to-source	Chapter 11-15	vocabulary	13	ko	en	김치찌개	"[""kimchi stew""]"	[]	김치찌개 reviews the canonical kimchi stew sense first introduced in Chapter 13.	"[""ko.noun.gimchijjigae"",""ko.noun.gimchijjigae.kimchi-stew""]"	[]	[]	units/korean-core/chapter-013-choosing-dinner/chapter.md	Dialogue > line 1	저녁에 김치찌개를 먹고 싶어요.	"[""저녁에 김치찌개를 먹고 싶어요.""]"	"[""korean"",""review-deck"",""chapter-011-015"",""vocabulary"",""target-to-source""]"
ko-core-review-011-015/ko-noun-gimchijjigae-kimchi-stew/source-to-target	Chapter 11-15	vocabulary	13	en	ko	kimchi stew	"[""김치찌개""]"	[]	김치찌개 reviews the canonical kimchi stew sense first introduced in Chapter 13.	"[""ko.noun.gimchijjigae"",""ko.noun.gimchijjigae.kimchi-stew""]"	[]	[]	units/korean-core/chapter-013-choosing-dinner/chapter.md	Dialogue > line 1	저녁에 김치찌개를 먹고 싶어요.	"[""저녁에 김치찌개를 먹고 싶어요.""]"	"[""korean"",""review-deck"",""chapter-011-015"",""vocabulary"",""source-to-target""]"
ko-core-review-011-015/ko-noun-eumnyo-beverage/target-to-source	Chapter 11-15	vocabulary	13	ko	en	음료	"[""beverage"",""drink""]"	[]	음료 reviews the canonical beverage; drink sense first introduced in Chapter 13.	"[""ko.noun.eumnyo"",""ko.noun.eumnyo.beverage""]"	[]	[]	units/korean-core/chapter-013-choosing-dinner/chapter.md	Dialogue > line 3	음료는 뭐 마시고 싶어요?	"[""음료는 뭐 마시고 싶어요?""]"	"[""korean"",""review-deck"",""chapter-011-015"",""vocabulary"",""target-to-source""]"
ko-core-review-011-015/ko-noun-eumnyo-beverage/source-to-target	Chapter 11-15	vocabulary	13	en	ko	beverage; drink	"[""음료""]"	[]	음료 reviews the canonical beverage; drink sense first introduced in Chapter 13.	"[""ko.noun.eumnyo"",""ko.noun.eumnyo.beverage""]"	[]	[]	units/korean-core/chapter-013-choosing-dinner/chapter.md	Dialogue > line 3	음료는 뭐 마시고 싶어요?	"[""음료는 뭐 마시고 싶어요?""]"	"[""korean"",""review-deck"",""chapter-011-015"",""vocabulary"",""source-to-target""]"
ko-core-review-011-015/ko-descriptive-verb-ttatteuthada-warm/target-to-source	Chapter 11-15	vocabulary	13	ko	en	따뜻하다	"[""to be warm""]"	[]	따뜻하다 reviews the canonical to be warm sense first introduced in Chapter 13.	"[""ko.descriptive-verb.ttatteuthada"",""ko.descriptive-verb.ttatteuthada.warm""]"	[]	[]	units/korean-core/chapter-013-choosing-dinner/chapter.md	Dialogue > line 5	저는 따뜻한 차를 마시고 싶어요.	"[""저는 따뜻한 차를 마시고 싶어요.""]"	"[""korean"",""review-deck"",""chapter-011-015"",""vocabulary"",""target-to-source""]"
ko-core-review-011-015/ko-descriptive-verb-ttatteuthada-warm/source-to-target	Chapter 11-15	vocabulary	13	en	ko	to be warm	"[""따뜻하다""]"	[]	따뜻하다 reviews the canonical to be warm sense first introduced in Chapter 13.	"[""ko.descriptive-verb.ttatteuthada"",""ko.descriptive-verb.ttatteuthada.warm""]"	[]	[]	units/korean-core/chapter-013-choosing-dinner/chapter.md	Dialogue > line 5	저는 따뜻한 차를 마시고 싶어요.	"[""저는 따뜻한 차를 마시고 싶어요.""]"	"[""korean"",""review-deck"",""chapter-011-015"",""vocabulary"",""source-to-target""]"
ko-core-review-011-015/ko-noun-cha-tea/target-to-source	Chapter 11-15	vocabulary	13	ko	en	차	"[""tea""]"	[]	차 reviews the canonical tea sense first introduced in Chapter 13.	"[""ko.noun.cha"",""ko.noun.cha.tea""]"	[]	[]	units/korean-core/chapter-013-choosing-dinner/chapter.md	Dialogue > line 5	저는 따뜻한 차를 마시고 싶어요.	"[""저는 따뜻한 차를 마시고 싶어요.""]"	"[""korean"",""review-deck"",""chapter-011-015"",""vocabulary"",""target-to-source""]"
ko-core-review-011-015/ko-noun-cha-tea/source-to-target	Chapter 11-15	vocabulary	13	en	ko	tea	"[""차""]"	[]	차 reviews the canonical tea sense first introduced in Chapter 13.	"[""ko.noun.cha"",""ko.noun.cha.tea""]"	[]	[]	units/korean-core/chapter-013-choosing-dinner/chapter.md	Dialogue > line 5	저는 따뜻한 차를 마시고 싶어요.	"[""저는 따뜻한 차를 마시고 싶어요.""]"	"[""korean"",""review-deck"",""chapter-011-015"",""vocabulary"",""source-to-target""]"
ko-core-review-011-015/ko-noun-tansansu-sparkling-water/target-to-source	Chapter 11-15	vocabulary	13	ko	en	탄산수	"[""sparkling water""]"	[]	탄산수 reviews the canonical sparkling water sense first introduced in Chapter 13.	"[""ko.noun.tansansu"",""ko.noun.tansansu.sparkling-water""]"	[]	[]	units/korean-core/chapter-013-choosing-dinner/chapter.md	Dialogue > line 4	탄산수를 마시고 싶어요.	"[""탄산수를 마시고 싶어요.""]"	"[""korean"",""review-deck"",""chapter-011-015"",""vocabulary"",""target-to-source""]"
ko-core-review-011-015/ko-noun-tansansu-sparkling-water/source-to-target	Chapter 11-15	vocabulary	13	en	ko	sparkling water	"[""탄산수""]"	[]	탄산수 reviews the canonical sparkling water sense first introduced in Chapter 13.	"[""ko.noun.tansansu"",""ko.noun.tansansu.sparkling-water""]"	[]	[]	units/korean-core/chapter-013-choosing-dinner/chapter.md	Dialogue > line 4	탄산수를 마시고 싶어요.	"[""탄산수를 마시고 싶어요.""]"	"[""korean"",""review-deck"",""chapter-011-015"",""vocabulary"",""source-to-target""]"
ko-core-review-011-015/ko-noun-dijeoteu-dessert/target-to-source	Chapter 11-15	vocabulary	13	ko	en	디저트	"[""dessert""]"	[]	디저트 reviews the canonical dessert sense first introduced in Chapter 13.	"[""ko.noun.dijeoteu"",""ko.noun.dijeoteu.dessert""]"	[]	[]	units/korean-core/chapter-013-choosing-dinner/chapter.md	Dialogue > line 6	디저트는 뭐 먹고 싶어요?	"[""디저트는 뭐 먹고 싶어요?""]"	"[""korean"",""review-deck"",""chapter-011-015"",""vocabulary"",""target-to-source""]"
ko-core-review-011-015/ko-noun-dijeoteu-dessert/source-to-target	Chapter 11-15	vocabulary	13	en	ko	dessert	"[""디저트""]"	[]	디저트 reviews the canonical dessert sense first introduced in Chapter 13.	"[""ko.noun.dijeoteu"",""ko.noun.dijeoteu.dessert""]"	[]	[]	units/korean-core/chapter-013-choosing-dinner/chapter.md	Dialogue > line 6	디저트는 뭐 먹고 싶어요?	"[""디저트는 뭐 먹고 싶어요?""]"	"[""korean"",""review-deck"",""chapter-011-015"",""vocabulary"",""source-to-target""]"
ko-core-review-011-015/ko-noun-aiseukeurim-ice-cream/target-to-source	Chapter 11-15	vocabulary	13	ko	en	아이스크림	"[""ice cream""]"	[]	아이스크림 reviews the canonical ice cream sense first introduced in Chapter 13.	"[""ko.noun.aiseukeurim"",""ko.noun.aiseukeurim.ice-cream""]"	[]	[]	units/korean-core/chapter-013-choosing-dinner/chapter.md	Dialogue > line 7	아이스크림을 먹고 싶어요.	"[""아이스크림을 먹고 싶어요.""]"	"[""korean"",""review-deck"",""chapter-011-015"",""vocabulary"",""target-to-source""]"
ko-core-review-011-015/ko-noun-aiseukeurim-ice-cream/source-to-target	Chapter 11-15	vocabulary	13	en	ko	ice cream	"[""아이스크림""]"	[]	아이스크림 reviews the canonical ice cream sense first introduced in Chapter 13.	"[""ko.noun.aiseukeurim"",""ko.noun.aiseukeurim.ice-cream""]"	[]	[]	units/korean-core/chapter-013-choosing-dinner/chapter.md	Dialogue > line 7	아이스크림을 먹고 싶어요.	"[""아이스크림을 먹고 싶어요.""]"	"[""korean"",""review-deck"",""chapter-011-015"",""vocabulary"",""source-to-target""]"
ko-core-review-011-015/ko-noun-toyoil-saturday/target-to-source	Chapter 11-15	vocabulary	14	ko	en	토요일	"[""Saturday""]"	[]	토요일 reviews the canonical Saturday sense first introduced in Chapter 14.	"[""ko.noun.toyoil"",""ko.noun.toyoil.saturday""]"	[]	[]	units/korean-core/chapter-014-a-saturday-outing/chapter.md	Narrative > line 1	토요일에 이준호는 박물관에 가요.	"[""토요일에 이준호는 박물관에 가요.""]"	"[""korean"",""review-deck"",""chapter-011-015"",""vocabulary"",""target-to-source""]"
ko-core-review-011-015/ko-noun-toyoil-saturday/source-to-target	Chapter 11-15	vocabulary	14	en	ko	Saturday	"[""토요일""]"	[]	토요일 reviews the canonical Saturday sense first introduced in Chapter 14.	"[""ko.noun.toyoil"",""ko.noun.toyoil.saturday""]"	[]	[]	units/korean-core/chapter-014-a-saturday-outing/chapter.md	Narrative > line 1	토요일에 이준호는 박물관에 가요.	"[""토요일에 이준호는 박물관에 가요.""]"	"[""korean"",""review-deck"",""chapter-011-015"",""vocabulary"",""source-to-target""]"
ko-core-review-011-015/ko-noun-bangmulgwan-museum/target-to-source	Chapter 11-15	vocabulary	14	ko	en	박물관	"[""museum""]"	[]	박물관 reviews the canonical museum sense first introduced in Chapter 14.	"[""ko.noun.bangmulgwan"",""ko.noun.bangmulgwan.museum""]"	[]	[]	units/korean-core/chapter-014-a-saturday-outing/chapter.md	Narrative > line 1	토요일에 이준호는 박물관에 가요.	"[""토요일에 이준호는 박물관에 가요.""]"	"[""korean"",""review-deck"",""chapter-011-015"",""vocabulary"",""target-to-source""]"
ko-core-review-011-015/ko-noun-bangmulgwan-museum/source-to-target	Chapter 11-15	vocabulary	14	en	ko	museum	"[""박물관""]"	[]	박물관 reviews the canonical museum sense first introduced in Chapter 14.	"[""ko.noun.bangmulgwan"",""ko.noun.bangmulgwan.museum""]"	[]	[]	units/korean-core/chapter-014-a-saturday-outing/chapter.md	Narrative > line 1	토요일에 이준호는 박물관에 가요.	"[""토요일에 이준호는 박물관에 가요.""]"	"[""korean"",""review-deck"",""chapter-011-015"",""vocabulary"",""source-to-target""]"
ko-core-review-011-015/ko-verb-deureogada-enter/target-to-source	Chapter 11-15	vocabulary	14	ko	en	들어가다	"[""to enter"",""go in""]"	[]	들어가다 reviews the canonical to enter; go in sense first introduced in Chapter 14.	"[""ko.verb.deureogada"",""ko.verb.deureogada.enter""]"	[]	[]	units/korean-core/chapter-014-a-saturday-outing/chapter.md	Narrative > line 3	박물관에는 사진을 보러 들어가요.	"[""박물관에는 사진을 보러 들어가요.""]"	"[""korean"",""review-deck"",""chapter-011-015"",""vocabulary"",""target-to-source""]"
ko-core-review-011-015/ko-verb-deureogada-enter/source-to-target	Chapter 11-15	vocabulary	14	en	ko	to enter; go in	"[""들어가다""]"	[]	들어가다 reviews the canonical to enter; go in sense first introduced in Chapter 14.	"[""ko.verb.deureogada"",""ko.verb.deureogada.enter""]"	[]	[]	units/korean-core/chapter-014-a-saturday-outing/chapter.md	Narrative > line 3	박물관에는 사진을 보러 들어가요.	"[""박물관에는 사진을 보러 들어가요.""]"	"[""korean"",""review-deck"",""chapter-011-015"",""vocabulary"",""source-to-target""]"
ko-core-review-011-015/ko-noun-jido-map/target-to-source	Chapter 11-15	vocabulary	14	ko	en	지도	"[""map""]"	[]	지도 reviews the canonical map sense first introduced in Chapter 14.	"[""ko.noun.jido"",""ko.noun.jido.map""]"	[]	[]	units/korean-core/chapter-014-a-saturday-outing/chapter.md	Narrative > line 2	이준호는 지도를 보러 안내소에 가요.	"[""이준호는 지도를 보러 안내소에 가요.""]"	"[""korean"",""review-deck"",""chapter-011-015"",""vocabulary"",""target-to-source""]"
ko-core-review-011-015/ko-noun-jido-map/source-to-target	Chapter 11-15	vocabulary	14	en	ko	map	"[""지도""]"	[]	지도 reviews the canonical map sense first introduced in Chapter 14.	"[""ko.noun.jido"",""ko.noun.jido.map""]"	[]	[]	units/korean-core/chapter-014-a-saturday-outing/chapter.md	Narrative > line 2	이준호는 지도를 보러 안내소에 가요.	"[""이준호는 지도를 보러 안내소에 가요.""]"	"[""korean"",""review-deck"",""chapter-011-015"",""vocabulary"",""source-to-target""]"
ko-core-review-011-015/ko-noun-annaeso-information-desk/target-to-source	Chapter 11-15	vocabulary	14	ko	en	안내소	"[""information desk"",""information center""]"	[]	안내소 reviews the canonical information desk; information center sense first introduced in Chapter 14.	"[""ko.noun.annaeso"",""ko.noun.annaeso.information-desk""]"	[]	[]	units/korean-core/chapter-014-a-saturday-outing/chapter.md	Narrative > line 2	이준호는 지도를 보러 안내소에 가요.	"[""이준호는 지도를 보러 안내소에 가요.""]"	"[""korean"",""review-deck"",""chapter-011-015"",""vocabulary"",""target-to-source""]"
ko-core-review-011-015/ko-noun-annaeso-information-desk/source-to-target	Chapter 11-15	vocabulary	14	en	ko	information desk; information center	"[""안내소""]"	[]	안내소 reviews the canonical information desk; information center sense first introduced in Chapter 14.	"[""ko.noun.annaeso"",""ko.noun.annaeso.information-desk""]"	[]	[]	units/korean-core/chapter-014-a-saturday-outing/chapter.md	Narrative > line 2	이준호는 지도를 보러 안내소에 가요.	"[""이준호는 지도를 보러 안내소에 가요.""]"	"[""korean"",""review-deck"",""chapter-011-015"",""vocabulary"",""source-to-target""]"
ko-core-review-011-015/ko-noun-seonmul-gift/target-to-source	Chapter 11-15	vocabulary	14	ko	en	선물	"[""gift""]"	[]	선물 reviews the canonical gift sense first introduced in Chapter 14.	"[""ko.noun.seonmul"",""ko.noun.seonmul.gift""]"	[]	[]	units/korean-core/chapter-014-a-saturday-outing/chapter.md	Narrative > line 5	오후에는 정수진이 선물을 사러 시장에 가요.	"[""오후에는 정수진이 선물을 사러 시장에 가요.""]"	"[""korean"",""review-deck"",""chapter-011-015"",""vocabulary"",""target-to-source""]"
ko-core-review-011-015/ko-noun-seonmul-gift/source-to-target	Chapter 11-15	vocabulary	14	en	ko	gift	"[""선물""]"	[]	선물 reviews the canonical gift sense first introduced in Chapter 14.	"[""ko.noun.seonmul"",""ko.noun.seonmul.gift""]"	[]	[]	units/korean-core/chapter-014-a-saturday-outing/chapter.md	Narrative > line 5	오후에는 정수진이 선물을 사러 시장에 가요.	"[""오후에는 정수진이 선물을 사러 시장에 가요.""]"	"[""korean"",""review-deck"",""chapter-011-015"",""vocabulary"",""source-to-target""]"
ko-core-review-011-015/ko-noun-yeopseo-postcard/target-to-source	Chapter 11-15	vocabulary	14	ko	en	엽서	"[""postcard""]"	[]	엽서 reviews the canonical postcard sense first introduced in Chapter 14.	"[""ko.noun.yeopseo"",""ko.noun.yeopseo.postcard""]"	[]	[]	units/korean-core/chapter-014-a-saturday-outing/chapter.md	Narrative > line 7	정수진은 엽서를 사러 가게에 가요.	"[""정수진은 엽서를 사러 가게에 가요.""]"	"[""korean"",""review-deck"",""chapter-011-015"",""vocabulary"",""target-to-source""]"
ko-core-review-011-015/ko-noun-yeopseo-postcard/source-to-target	Chapter 11-15	vocabulary	14	en	ko	postcard	"[""엽서""]"	[]	엽서 reviews the canonical postcard sense first introduced in Chapter 14.	"[""ko.noun.yeopseo"",""ko.noun.yeopseo.postcard""]"	[]	[]	units/korean-core/chapter-014-a-saturday-outing/chapter.md	Narrative > line 7	정수진은 엽서를 사러 가게에 가요.	"[""정수진은 엽서를 사러 가게에 가요.""]"	"[""korean"",""review-deck"",""chapter-011-015"",""vocabulary"",""source-to-target""]"
ko-core-review-011-015/ko-noun-gage-shop/target-to-source	Chapter 11-15	vocabulary	14	ko	en	가게	"[""shop"",""store""]"	[]	가게 reviews the canonical shop; store sense first introduced in Chapter 14.	"[""ko.noun.gage"",""ko.noun.gage.shop""]"	[]	[]	units/korean-core/chapter-014-a-saturday-outing/chapter.md	Narrative > line 7	정수진은 엽서를 사러 가게에 가요.	"[""정수진은 엽서를 사러 가게에 가요.""]"	"[""korean"",""review-deck"",""chapter-011-015"",""vocabulary"",""target-to-source""]"
ko-core-review-011-015/ko-noun-gage-shop/source-to-target	Chapter 11-15	vocabulary	14	en	ko	shop; store	"[""가게""]"	[]	가게 reviews the canonical shop; store sense first introduced in Chapter 14.	"[""ko.noun.gage"",""ko.noun.gage.shop""]"	[]	[]	units/korean-core/chapter-014-a-saturday-outing/chapter.md	Narrative > line 7	정수진은 엽서를 사러 가게에 가요.	"[""정수진은 엽서를 사러 가게에 가요.""]"	"[""korean"",""review-deck"",""chapter-011-015"",""vocabulary"",""source-to-target""]"
ko-core-review-011-015/ko-noun-adverb-naeil-tomorrow/target-to-source	Chapter 11-15	vocabulary	15	ko	en	내일	"[""tomorrow""]"	[]	내일 reviews the canonical tomorrow sense first introduced in Chapter 15.	"[""ko.noun-adverb.naeil"",""ko.noun-adverb.naeil.tomorrow""]"	[]	[]	units/korean-core/chapter-015-planning-tomorrow/chapter.md	Dialogue > line 1	내일 어디에서 만날까요?	"[""내일 어디에서 만날까요?""]"	"[""korean"",""review-deck"",""chapter-011-015"",""vocabulary"",""target-to-source""]"
ko-core-review-011-015/ko-noun-adverb-naeil-tomorrow/source-to-target	Chapter 11-15	vocabulary	15	en	ko	tomorrow	"[""내일""]"	[]	내일 reviews the canonical tomorrow sense first introduced in Chapter 15.	"[""ko.noun-adverb.naeil"",""ko.noun-adverb.naeil.tomorrow""]"	[]	[]	units/korean-core/chapter-015-planning-tomorrow/chapter.md	Dialogue > line 1	내일 어디에서 만날까요?	"[""내일 어디에서 만날까요?""]"	"[""korean"",""review-deck"",""chapter-011-015"",""vocabulary"",""source-to-target""]"
ko-core-review-011-015/ko-noun-jihacheolyeok-subway-station/target-to-source	Chapter 11-15	vocabulary	15	ko	en	지하철역	"[""subway station""]"	[]	지하철역 reviews the canonical subway station sense first introduced in Chapter 15.	"[""ko.noun.jihacheolyeok"",""ko.noun.jihacheolyeok.subway-station""]"	[]	[]	units/korean-core/chapter-015-planning-tomorrow/chapter.md	Dialogue > line 2	아침에 지하철역에서 만날까요?	"[""아침에 지하철역에서 만날까요?""]"	"[""korean"",""review-deck"",""chapter-011-015"",""vocabulary"",""target-to-source""]"
ko-core-review-011-015/ko-noun-jihacheolyeok-subway-station/source-to-target	Chapter 11-15	vocabulary	15	en	ko	subway station	"[""지하철역""]"	[]	지하철역 reviews the canonical subway station sense first introduced in Chapter 15.	"[""ko.noun.jihacheolyeok"",""ko.noun.jihacheolyeok.subway-station""]"	[]	[]	units/korean-core/chapter-015-planning-tomorrow/chapter.md	Dialogue > line 2	아침에 지하철역에서 만날까요?	"[""아침에 지하철역에서 만날까요?""]"	"[""korean"",""review-deck"",""chapter-011-015"",""vocabulary"",""source-to-target""]"
ko-core-review-011-015/ko-noun-seojeom-bookstore/target-to-source	Chapter 11-15	vocabulary	15	ko	en	서점	"[""bookstore""]"	[]	서점 reviews the canonical bookstore sense first introduced in Chapter 15.	"[""ko.noun.seojeom"",""ko.noun.seojeom.bookstore""]"	[]	[]	units/korean-core/chapter-015-planning-tomorrow/chapter.md	Dialogue > line 3	그다음에 서점에 갈까요?	"[""그다음에 서점에 갈까요?""]"	"[""korean"",""review-deck"",""chapter-011-015"",""vocabulary"",""target-to-source""]"
ko-core-review-011-015/ko-noun-seojeom-bookstore/source-to-target	Chapter 11-15	vocabulary	15	en	ko	bookstore	"[""서점""]"	[]	서점 reviews the canonical bookstore sense first introduced in Chapter 15.	"[""ko.noun.seojeom"",""ko.noun.seojeom.bookstore""]"	[]	[]	units/korean-core/chapter-015-planning-tomorrow/chapter.md	Dialogue > line 3	그다음에 서점에 갈까요?	"[""그다음에 서점에 갈까요?""]"	"[""korean"",""review-deck"",""chapter-011-015"",""vocabulary"",""source-to-target""]"
ko-core-review-011-015/ko-noun-soseol-novel/target-to-source	Chapter 11-15	vocabulary	15	ko	en	소설	"[""novel""]"	[]	소설 reviews the canonical novel sense first introduced in Chapter 15.	"[""ko.noun.soseol"",""ko.noun.soseol.novel""]"	[]	[]	units/korean-core/chapter-015-planning-tomorrow/chapter.md	Dialogue > line 4	좋아요. 소설을 살까요?	"[""좋아요. 소설을 살까요?""]"	"[""korean"",""review-deck"",""chapter-011-015"",""vocabulary"",""target-to-source""]"
ko-core-review-011-015/ko-noun-soseol-novel/source-to-target	Chapter 11-15	vocabulary	15	en	ko	novel	"[""소설""]"	[]	소설 reviews the canonical novel sense first introduced in Chapter 15.	"[""ko.noun.soseol"",""ko.noun.soseol.novel""]"	[]	[]	units/korean-core/chapter-015-planning-tomorrow/chapter.md	Dialogue > line 4	좋아요. 소설을 살까요?	"[""좋아요. 소설을 살까요?""]"	"[""korean"",""review-deck"",""chapter-011-015"",""vocabulary"",""source-to-target""]"
ko-core-review-011-015/ko-noun-gangga-riverside/target-to-source	Chapter 11-15	vocabulary	15	ko	en	강가	"[""riverside"",""riverbank""]"	[]	강가 reviews the canonical riverside; riverbank sense first introduced in Chapter 15.	"[""ko.noun.gangga"",""ko.noun.gangga.riverside""]"	[]	[]	units/korean-core/chapter-015-planning-tomorrow/chapter.md	Dialogue > line 5	강가에서 같이 걸을까요?	"[""강가에서 같이 걸을까요?""]"	"[""korean"",""review-deck"",""chapter-011-015"",""vocabulary"",""target-to-source""]"
ko-core-review-011-015/ko-noun-gangga-riverside/source-to-target	Chapter 11-15	vocabulary	15	en	ko	riverside; riverbank	"[""강가""]"	[]	강가 reviews the canonical riverside; riverbank sense first introduced in Chapter 15.	"[""ko.noun.gangga"",""ko.noun.gangga.riverside""]"	[]	[]	units/korean-core/chapter-015-planning-tomorrow/chapter.md	Dialogue > line 5	강가에서 같이 걸을까요?	"[""강가에서 같이 걸을까요?""]"	"[""korean"",""review-deck"",""chapter-011-015"",""vocabulary"",""source-to-target""]"
ko-core-review-011-015/ko-verb-geotda-walk/target-to-source	Chapter 11-15	vocabulary	15	ko	en	걷다	"[""to walk""]"	[]	걷다 reviews the canonical to walk sense first introduced in Chapter 15.	"[""ko.verb.geotda"",""ko.verb.geotda.walk""]"	[]	[]	units/korean-core/chapter-015-planning-tomorrow/chapter.md	Dialogue > line 5	강가에서 같이 걸을까요?	"[""강가에서 같이 걸을까요?""]"	"[""korean"",""review-deck"",""chapter-011-015"",""vocabulary"",""target-to-source""]"
ko-core-review-011-015/ko-verb-geotda-walk/source-to-target	Chapter 11-15	vocabulary	15	en	ko	to walk	"[""걷다""]"	[]	걷다 reviews the canonical to walk sense first introduced in Chapter 15.	"[""ko.verb.geotda"",""ko.verb.geotda.walk""]"	[]	[]	units/korean-core/chapter-015-planning-tomorrow/chapter.md	Dialogue > line 5	강가에서 같이 걸을까요?	"[""강가에서 같이 걸을까요?""]"	"[""korean"",""review-deck"",""chapter-011-015"",""vocabulary"",""source-to-target""]"
ko-core-review-011-015/ko-noun-yeonghwagwan-cinema/target-to-source	Chapter 11-15	vocabulary	15	ko	en	영화관	"[""cinema"",""movie theater""]"	[]	영화관 reviews the canonical cinema; movie theater sense first introduced in Chapter 15.	"[""ko.noun.yeonghwagwan"",""ko.noun.yeonghwagwan.cinema""]"	[]	[]	units/korean-core/chapter-015-planning-tomorrow/chapter.md	Dialogue > line 6	영화관에 같이 갈까요?	"[""영화관에 같이 갈까요?""]"	"[""korean"",""review-deck"",""chapter-011-015"",""vocabulary"",""target-to-source""]"
ko-core-review-011-015/ko-noun-yeonghwagwan-cinema/source-to-target	Chapter 11-15	vocabulary	15	en	ko	cinema; movie theater	"[""영화관""]"	[]	영화관 reviews the canonical cinema; movie theater sense first introduced in Chapter 15.	"[""ko.noun.yeonghwagwan"",""ko.noun.yeonghwagwan.cinema""]"	[]	[]	units/korean-core/chapter-015-planning-tomorrow/chapter.md	Dialogue > line 6	영화관에 같이 갈까요?	"[""영화관에 같이 갈까요?""]"	"[""korean"",""review-deck"",""chapter-011-015"",""vocabulary"",""source-to-target""]"
ko-core-review-011-015/ko-noun-yeonghwa-movie/target-to-source	Chapter 11-15	vocabulary	15	ko	en	영화	"[""film"",""movie""]"	[]	영화 reviews the canonical film; movie sense first introduced in Chapter 15.	"[""ko.noun.yeonghwa"",""ko.noun.yeonghwa.movie""]"	[]	[]	units/korean-core/chapter-015-planning-tomorrow/chapter.md	Dialogue > line 7	네, 오후에 영화를 볼까요?	"[""네, 오후에 영화를 볼까요?""]"	"[""korean"",""review-deck"",""chapter-011-015"",""vocabulary"",""target-to-source""]"
ko-core-review-011-015/ko-noun-yeonghwa-movie/source-to-target	Chapter 11-15	vocabulary	15	en	ko	film; movie	"[""영화""]"	[]	영화 reviews the canonical film; movie sense first introduced in Chapter 15.	"[""ko.noun.yeonghwa"",""ko.noun.yeonghwa.movie""]"	[]	[]	units/korean-core/chapter-015-planning-tomorrow/chapter.md	Dialogue > line 7	네, 오후에 영화를 볼까요?	"[""네, 오후에 영화를 볼까요?""]"	"[""korean"",""review-deck"",""chapter-011-015"",""vocabulary"",""source-to-target""]"
